"Year","Title","URL"
"2018","September 13, 2018 Draft Minutes","https://detroitmi.gov/Portals/0/docs/policecommissioners/Draft%20Minutes%209-%2013-2018.pdf"
"2018","September 6, 2018 Draft Minutes","https://detroitmi.gov/Portals/0/docs/policecommissioners/Draft%20Minutes%209-%206-2018.pdf"
"2018","August 30, 2018 - No Meeting Held",""
"2018","August 23, 2018","https://detroitmi.gov/Portals/0/docs/policecommissioners/BOPC%20Minutes%20%20%2008-23-2018.pdf"
"2018","August 23, 2018 Draft Minutes","https://detroitmi.gov/Portals/0/docs/policecommissioners/Draft%20Minutes%208-23-2018.pdf"
"2018","August 16, 2018","https://detroitmi.gov/Portals/0/docs/policecommissioners/BOPC%20Minutes%2008-16-18.pdf"
"2018","August 16, 2018 Draft Minutes","https://detroitmi.gov/Portals/0/docs/policecommissioners/Draft%20Miniutes%20%20August%2016%202018.pdf"
"2018","August 9, 2018","https://detroitmi.gov/Portals/0/docs/policecommissioners/BOPC%20MINUTES%2008-09-18.pdf"
"2018","August 9, 2018 Draft Minutes","https://detroitmi.gov/Portals/0/docs/policecommissioners/Draft%20Minutes%20%20August%209%202918.pdf"
"2018","August 2, 2018","https://detroitmi.gov/Portals/0/docs/policecommissioners/BOPC%20MINUTES%2008-02-18.pdf"
"2018","August 2, 2018 Draft Minutes","https://detroitmi.gov/Portals/0/docs/policecommissioners/Draft%20Minutes%20August%202%202018.pdf"
"2018","July 26, 2018","https://detroitmi.gov/Portals/0/docs/policecommissioners/BOPC%20%20MINUTES%207-26-18.pdf"
"2018","July 26, 2018 Draft Minutes","https://detroitmi.gov/Portals/0/docs/policecommissioners/Draft%20Minutes%20%20July%2026%202018%20%20%281%29.pdf"
"2018","July 19, 2018","https://detroitmi.gov/Portals/0/docs/policecommissioners/BOPC%20July-19-18.pdf"
"2018","July 19, 2018 Draft Minutes","https://detroitmi.gov/Portals/0/docs/policecommissioners/Draft%20Minutes%20%20July%2019%202018.pdf"
"2018","July 12, 2018","https://detroitmi.gov/Portals/0/docs/policecommissioners/BOPC%20MINUTES%20%20%207-12-18.pdf"
"2018","July 12, 2018 Draft Minutes","https://detroitmi.gov/document/bopc-july-12-2018-draft-minutes"
"2018","July 5, 2018 - No Meeting Held",""
"2018","June 28, 2018","https://detroitmi.gov/Portals/0/docs/policecommissioners/BOPC%20Minutes%2006-28-18.pdf"
"2018","une 28, 2018 Draft Minutes","https://detroitmi.gov/Portals/0/docs/policecommissioners/Draft%20Minutes%20%20June%2028%202018.pdf"
"2018","June 21, 2018","https://detroitmi.gov/Portals/0/docs/policecommissioners/BOPC%20Minutes%206-21-18.pdf"
"2018","June 21, 2018 Draft Minutes","https://detroitmi.gov/document/bopc-june-21-2018-draft-minutes"
"2018","June 14, 2018","https://detroitmi.gov/Portals/0/docs/policecommissioners/BOPC%20June-14-18.pdf"
"2018","June 14, 2018 Draft Minutes","https://detroitmi.gov/Portals/0/docs/policecommissioners/Draft%20Minutes%20%20June%2014%202018.pdf"
"2018","June 7, 2018","https://detroitmi.gov/Portals/0/docs/policecommissioners/BOPC%20%20%20Minutes%20%20%20%20%2006-07-18.pdf"
"2018","June 7, 2018 Draft Minutes","https://detroitmi.gov/Portals/0/docs/policecommissioners/Draft%20Minutess%20June%207%202018.pdf"
"2018","May 31, 2018","https://detroitmi.gov/Portals/0/docs/policecommissioners/BOPC%20Minutes%205-31-18.pdf"
"2018","May 31, 2018 Draft Minutes","https://detroitmi.gov/Portals/0/docs/policecommissioners/Draft%20Minutes%20%20May%2031%202018.pdf"
"2018","May 24, 2018","https://detroitmi.gov/Portals/0/docs/policecommissioners/BOPC%20MINUTES%2005-24-18.pdf"
"2018","May 24, 2018 Draft Minutes","https://detroitmi.gov/Portals/0/docs/policecommissioners/Draft%20Minutes%20%20May%2024%202018.pdf"
"2018","May 17, 2018","https://detroitmi.gov/Portals/0/docs/policecommissioners/Draft%20Minutes%20%20May%2017%202018.pdf"
"2018","May 17, 2018 Draft Minutes","https://detroitmi.gov/Portals/0/docs/policecommissioners/Draft%20Minutes%20%20May%2017%202018.pdf"
"2018","May 10, 2018","https://detroitmi.gov/Portals/0/docs/policecommissioners/BOPC%20MINUTES%2005-10-18.pdf"
"2018","May 10, 2018 Draft Minutes","https://detroitmi.gov/Portals/0/docs/policecommissioners/Draft%20Minutes%20%20May%2010%202018.pdf"
"2018","May 3, 2018 - No Meeting Held",""
"2018","May 3, 2018 Draft Minutes","https://detroitmi.gov/Portals/0/docs/policecommissioners/Draft%20Minutes%20%20May%2003%202018.pdf"
"2018","April 26, 2018","https://detroitmi.gov/Portals/0/docs/policecommissioners/BOPC%20MINUTES%2004-26-18.pdf"
"2018","April 26, 2018 Draft Minutes","https://detroitmi.gov/Portals/0/docs/policecommissioners/Draft%20Minutes%20%20April%2026%202018.pdf"
"2018","April 19, 2018","https://detroitmi.gov/Portals/0/docs/policecommissioners/BOPC%20Minutes%20%20%2004-19-18.pdf"
"2018","April 19, 2018 Draft Minutes","https://detroitmi.gov/document/bopc-april-19-2018-draft-minutes"
"2018","April 12, 2018 - No Meeting Held",""
"2018","April 12, 2018 Draft Minutes","https://detroitmi.gov/document/bopc-april-12-2018-draft-minutes"
"2018","April 5, 2018","https://detroitmi.gov/Portals/0/docs/policecommissioners/BOPC%20Minutes%2004-05-18.pdf"
"2018","April 5, 2018 Draft Minutes","https://detroitmi.gov/document/bopc-april-5-2018-draft-minutes"
"2018","March 29, 2018","https://detroitmi.gov/Portals/0/docs/policecommissioners/BOPC%20Minutes%2003-29-18.pdf"
"2018","March 29, 2018 Draft Minutes","https://detroitmi.gov/document/bopc-march-29-2018-draft-minutes"
"2018","March 22, 2018","https://detroitmi.gov/Portals/0/docs/policecommissioners/BOPC%20Minutes%20%20%2003-22-18.pdf"
"2018","March 22, 2018 Draft Minutes","https://detroitmi.gov/document/bopc-march-22-2018-draft-minutes"
"2018","March 15, 2018","https://detroitmi.gov/Portals/0/docs/policecommissioners/BOPC%20MINUTES%2003-15-18.pdf"
"2018","March 15, 2018 Draft Minutes","https://detroitmi.gov/Portals/0/docs/policecommissioners/Draft%20Minutes%20%20March%2015%202018.pdf"
"2018","March 8, 2018","https://detroitmi.gov/Portals/0/docs/policecommissioners/BOPC%20MINUTES%20%2003-08-18.pdf"
"2018","March 8, 2018 Draft Minutes","https://detroitmi.gov/Portals/0/docs/policecommissioners/Draft%20Minutes%20March%208%202018.pdf"
"2018","March 1, 2018","https://detroitmi.gov/Portals/0/docs/policecommissioners/BOPC%20MINUTES%203-1-18.pdf"
"2018","March 1, 2018 Draft Minutes","https://detroitmi.gov/Portals/0/docs/policecommissioners/Draft%20Minutes%20%20March%201%202018.pdf"
"2018","February 22, 2018","https://detroitmi.gov/Portals/0/docs/policecommissioners/BOPC%20MINUTES%202-22-18.pdf"
"2018","February 22, 2018 Draft Minutes","https://detroitmi.gov/Portals/0/docs/policecommissioners/Draft%20Minutes%20%20February%2022%202018.pdf"
"2018","February 15, 2018 - No Meeting Held",""
"2018","February 15, 2018 Draft Minutes","https://detroitmi.gov/Portals/0/docs/policecommissioners/Draft%20Minutes%20%20February%2015%202018.pdf"
"2018","February 8, 2018","https://detroitmi.gov/Portals/0/docs/policecommissioners/BOPC%20Minutes%20%2002-08-2018.pdf"
"2018","February 8, 2018 Draft Minutes","https://detroitmi.gov/Portals/0/docs/policecommissioners/Draft%20Minutes%20%20February%208%202018.pdf"
"2018","February 1, 2018","https://detroitmi.gov/Portals/0/docs/policecommissioners/BOPC%20Minutes%2002-01-18.pdf"
"2018","February 1, 2018 Draft Minutes","https://detroitmi.gov/Portals/0/docs/policecommissioners/Draft%20Minutes%20%20February%201%202018.pdf"
"2018","January 25, 2018","https://detroitmi.gov/Portals/0/docs/policecommissioners/BOPC%20MINUTES%2001-25-18.pdf"
"2018","January 25, 2018 Draft Minutes","https://detroitmi.gov/Portals/0/docs/policecommissioners/Draft%20Minutes%20January%2025%202018.pdf"
"2018","January 18, 2018","https://detroitmi.gov/Portals/0/docs/policecommissioners/BOPC%20MINUTES%2001-18-18.pdf"
"2018","January 18, 2018 Draft Minutes","https://detroitmi.gov/document/bopc-january-18-2018-draft-minutes"
"2018","January 11, 2018","https://detroitmi.gov/Portals/0/docs/policecommissioners/BOPC%20MINUTES%2001-11-2018.pdf"
"2018","January 11, 2018 Draft Minutes","https://detroitmi.gov/Portals/0/docs/policecommissioners/Draft%20Minutes%20%20January%2011%202018.pdf"
"2018","January 4, 2018","https://detroitmi.gov/Portals/0/docs/policecommissioners/BOPC%20MINUTES%2001-04-2018.pdf"
"2018","January 4, 2018 Draft Minutes","https://detroitmi.gov/Portals/0/docs/policecommissioners/Draft%20Minutes%20%20January%204%202018.pdf"
"2017","December 28, 2017 -No Meeting Held",""
"2017","December 21, 2017 - No Meeting Held",""
"2017","December 14, 2017","https://detroitmi.gov/Portals/0/docs/policecommissioners/BOPC%20Meeting%20Minutes%2012-14-2017.pdf"
"2017","December 14, 2017 Draft Minutes","https://detroitmi.gov/Portals/0/docs/policecommissioners/Draft%20Minutes%20%20December%2014%202017.pdf"
"2017","December 7, 2017","https://detroitmi.gov/Portals/0/docs/policecommissioners/BOPC%20Minutes%2012-07-17.pdf"
"2017","December 7, 2017 Draft Minutes","https://detroitmi.gov/Portals/0/docs/policecommissioners/Draft%20Minutes%20%20December%207%202017.pdf"
"2017","November 30, 2017","https://detroitmi.gov/Portals/0/docs/policecommissioners/BOPC%20Minutes%2011-30-17.pdf"
"2017","November 30, 2017 Draft Minutes","https://detroitmi.gov/Portals/0/docs/policecommissioners/Draft%20Minutes%20%20November%2030%202017.pdf"
"2017","November 23, 2017 No Meeting Held",""
"2017","November 16, 2017","https://detroitmi.gov/Portals/0/docs/policecommissioners/BOPC%20Meeting%2011-16-17.pdf"
"2017","November 16, 2017 Draft Minutes","https://detroitmi.gov/Portals/0/docs/policecommissioners/Draft%20Minutes%20%20November%2016%202017.pdf"
"2017","November 9, 2017","https://detroitmi.gov/Portals/0/docs/policecommissioners/BOPC%20%20Meeting%2011-09-17.pdf"
"2017","November 9, 2017 Draft Minutes","https://detroitmi.gov/Portals/0/docs/policecommissioners/Draft%20Minutes%20%20BOPC%20November%209%202017.pdf"
"2017","November 2, 2017","https://detroitmi.gov/Portals/0/docs/policecommissioners/BOPC%20%20Meeting%2011-2-17.pdf"
"2017","November 2, 2017 No Meeting Held",""
"2017","October 26, 2017","https://detroitmi.gov/Portals/0/docs/policecommissioners/BOPC%20%20Meeting%2010-26-17.pdf"
"2017","October 26, 2017 Draft Minutes","https://detroitmi.gov/Portals/0/docs/policecommissioners/Draft%20Minutes%20BOPC%20October%2026%202017.pdf"
"2017","October 19, 2017","https://detroitmi.gov/Portals/0/docs/policecommissioners/BOPC%20Minutes%2010-19-17.pdf"
"2017","October 19, 2017 Draft Minutes","https://detroitmi.gov/Portals/0/docs/policecommissioners/Draft%20Minutes%20%20Oct%2019%202017.pdf"
"2017","October 12, 2017","https://detroitmi.gov/Portals/0/docs/policecommissioners/BOPC%20Minutes%2010-12-17.pdf"
"2017","October 12, 2017 Draft Minutes","https://detroitmi.gov/Portals/0/docs/policecommissioners/Draft%20Minutes%20%20Oct%2012%202017%20%281%29.pdf"
"2017","October 5, 2017","https://detroitmi.gov/Portals/0/docs/policecommissioners/BOPC%20MEETING%2010-5-17.pdf"
"2017","October 5, 2017 Draft Minutes","https://detroitmi.gov/Portals/0/docs/policecommissioners/Draft%20Minutes%2010-%205-%202017.pdf"
"2017","September 28, 2017","https://detroitmi.gov/Portals/0/docs/policecommissioners/BOPC%20MEETING%209-28-17.pdf"
"2017","September 28, 2017 Draft Minutes","https://detroitmi.gov/Portals/0/docs/policecommissioners/Draft%20Minutes%209-%2028-%202017.pdf"
"2017","September 21, 2017","https://detroitmi.gov/Portals/0/docs/policecommissioners/BOPC%20%20Meeting%2009-21-2017.pdf"
"2017","September 21, 2017","https://detroitmi.gov/Portals/0/docs/policecommissioners/Draft%20Minutes%209-%2021-%202017.pdf"
"2017","September 7, 2017","https://detroitmi.gov/Portals/0/docs/policecommissioners/BOPC%20%20Meeting%2009-07-2017.pdf"
"2017","September 7, 2017 Draft Minutes","https://detroitmi.gov/Portals/0/docs/policecommissioners/Draft%20Minutes%20%20September%207%202017.pdf"
"2017","August 31, 2017","https://detroitmi.gov/Portals/0/docs/policecommissioners/BOPC%20MEETING%208-31-17.pdf"
"2017","August 31, 2017 Draft Minutes","https://detroitmi.gov/Portals/0/docs/policecommissioners/Draft%20Minutes%20%20August%2031%202017.pdf"
"2017","August 24, 2017","https://detroitmi.gov/Portals/0/docs/policecommissioners/BOPC%20%20Meeting%2008-24-2017.pdf"
"2017","August 24, 2017 Draft Minutes","https://detroitmi.gov/Portals/0/docs/policecommissioners/Draft%20Minutes%20%20August%2024%202017.pdf"
"2017","August 17, 2017","https://detroitmi.gov/Portals/0/docs/policecommissioners/BOPC%20MEETING%208-17-17.pdf"
"2017","August 17, 2017 Draft Minutes","https://detroitmi.gov/Portals/0/docs/policecommissioners/Draft%20Minutes%20August%2017%202017.pdf"
"2017","August 10, 2017","https://detroitmi.gov/Portals/0/docs/policecommissioners/BOPC%20%20Meeting%2008-10-2017.pdf"
"2017","August 10, 2017 Draft Minutes","https://detroitmi.gov/Portals/0/docs/policecommissioners/Draft%20Minutes%20August%2010%202017.pdf"
"2017","August 3, 2017","https://detroitmi.gov/Portals/0/docs/policecommissioners/BOPC%20%20Meeting%2008-03-2017.pdf"
"2017","August 3, 2017 Draft Minutes","https://detroitmi.gov/Portals/0/docs/policecommissioners/Draft%20Minutes%20%20BOPC%20%20%20%20%20%20%20%2008-03-2017.pdf"
"2017","July 27, 2017","https://detroitmi.gov/Portals/0/docs/policecommissioners/BOPC%20Meeting%2007-27-2017.pdf"
"2017","July 27, 2017 Draft Minutes","https://detroitmi.gov/Portals/0/docs/policecommissioners/Draft%20Minutes%20%20July%2027%202017.pdf"
"2017","July 20, 2017","https://detroitmi.gov/Portals/0/docs/policecommissioners/BOPC%20%20Meeting%2007-20-2017.pdf"
"2017","July 20, 2017 Draft Minutes","https://detroitmi.gov/Portals/0/docs/policecommissioners/Draft%20Minutes%20%20%20July%2020%202017.pdf"
"2017","July 13, 2017","https://detroitmi.gov/Portals/0/docs/policecommissioners/BOPC%20Meeting%2007-13-2017.pdf"
"2017","July 13, 2017 Draft Minutes","https://detroitmi.gov/Portals/0/docs/policecommissioners/Draft%20Minutes%20%20July%2013%202017.pdf"
"2017","July 6, 2017","https://detroitmi.gov/Portals/0/docs/policecommissioners/BOPC%20Meeting%2007-06-2017.pdf"
"2017","July 6, 2017 Draft Minutes","https://detroitmi.gov/Portals/0/docs/policecommissioners/Draft%20Minutes%20%20July%206%202017.pdf"
"2017","June 29, 2017","https://detroitmi.gov/Portals/0/docs/policecommissioners/BOPC%20Meeting%2006-29-2017.pdf"
"2017","June 29, 2017 Draft Minutes","https://detroitmi.gov/Portals/0/docs/policecommissioners/Draft%20Minutes%20%20June%2029%202017.pdf"
"2017","June 22, 2017","https://detroitmi.gov/Portals/0/docs/policecommissioners/BOPC%20%20Meeting%2006-22-2017.pdf"
"2017","June 22, 2017 Draft Minutes","https://detroitmi.gov/Portals/0/docs/policecommissioners/Draft%20Minutes%20BOPC%20%20June%2022%202017.pdf"
"2017","June 15, 2017","https://detroitmi.gov/Portals/0/docs/policecommissioners/BOPC%20Meeting%2006-15-2017.pdf"
"2017","June 15, 2017 Draft Minutes","https://detroitmi.gov/Portals/0/docs/policecommissioners/Draft%20Minutes/Draft%20Minutes%20Detroit%20Board%20of%20Police%20Commissioners%20June%2015%202017.pdf"
"2017","June 8, 2017","https://detroitmi.gov/Portals/0/docs/policecommissioners/BOPC%20Meeting%2006-08-2017.pdf"
"2017","June 8, 2017 Draft Minutes","https://detroitmi.gov/Portals/0/docs/policecommissioners/Draft%20Minutes/Draft%20Minutes%20Detroit%20Board%20of%20Police%20Commissioners%20Julne%208%202017.pdf"
"2017","June 1, 2017","https://detroitmi.gov/Portals/0/docs/policecommissioners/Draft%20Minutes/Evening%20Community%20Meeting%2006-01-2017.pdf"
"2017","June 1 2017 Draft Minutes","https://detroitmi.gov/Portals/0/docs/policecommissioners/Draft%20Minutes/Draft%20Minutes%20Detroit%20Board%20of%20Police%20Commissioners%20June%201%202017.pdf"
"2017","May 25, 2017","https://detroitmi.gov/Portals/0/docs/policecommissioners/Draft%20Minutes/Regular%20Meeting%2005-25-2017%20PDF.pdf"
"2017","May 25, 2017 Draft Minutes","https://detroitmi.gov/Portals/0/docs/policecommissioners/Draft%20Minutes%20BOPC%20May%2025%202017.pdf"
"2017","May 18, 2017","https://detroitmi.gov/Portals/0/docs/policecommissioners/Draft%20Minutes/Regular%20Meeting%2005-18-2017%20PDF.pdf"
"2017","May 18, 2017 Draft Minutes","https://detroitmi.gov/Portals/0/docs/policecommissioners/Draft%20Minutes%20%20May%2018%202017%20%29.pdf"
"2017","May 11, 2017","https://detroitmi.gov/Portals/0/docs/policecommissioners/BOPC%20Meeting%20Minutes%20%2005-11-2017.pdf"
"2017","May 11, 2017 Draft Minutes","https://detroitmi.gov/Portals/0/docs/policecommissioners/Draft%20Minutes%20%20May%2011%202017%20%281%29.pdf"
"2017","May 4, 2017","https://detroitmi.gov/document/bopc-may-4-2017"
"2017","May 4, 2017 Draft Minutes","https://detroitmi.gov/Portals/0/docs/policecommissioners/Draft%20Minutes%20%20May%204%202017%20%29.pdf"
"2017","April 27, 2017","https://detroitmi.gov/Portals/0/docs/policecommissioners/BOPC%20Meeting%204-27-17.pdf"
"2017","April 27, 2017 Draft Minutes","https://detroitmi.gov/Portals/0/docs/policecommissioners/Draft%20Minutes%20%20April%2027%202017.pdf"
"2017","April 20, 2017 ","https://detroitmi.gov/Portals/0/docs/policecommissioners/BOPC%20MINUTES%20APR-20-2017.pdf"
"2017","April 20, 2017 Draft Minutes","https://detroitmi.gov/Portals/0/docs/policecommissioners/Draft%20Minutes%20%20April%2020%202017%20%281%29.pdf"
"2017","Arpil 13, 2017","https://detroitmi.gov/Portals/0/docs/policecommissioners/BOPC%20Meeting%204-13-17.pdf"
"2017","April 13, 2017 Draft Minutes","https://detroitmi.gov/Portals/0/docs/policecommissioners/Draft%20Minutes%20%20April%2013%202017%20%281%29.pdf"
"2017","April 6, 2017","https://detroitmi.gov/Portals/0/docs/policecommissioners/BOPC%20Meeting%204-6-17.pdf"
"2017","April 6, 2017 Draft Minutes","https://detroitmi.gov/Portals/0/docs/policecommissioners/Draft%20Minutes%20%20BOPC%20April%206%202017.pdf"
"2017","March 30, 2017","https://detroitmi.gov/document/bopc-march-30-2017"
"2017","March 30, 2017 Draft Minutes","https://detroitmi.gov/document/bopc-march-30-2017-draft-minutes"
"2017","March 23, 2017","https://detroitmi.gov/Portals/0/docs/policecommissioners/BOPC%20Meeting%203-23-17.pdf"
"2017","March 23, 2017 Draft Minutes","https://detroitmi.gov/document/bopc-march-23-2017-draft-minutes"
"2017","March 16, 2017","https://detroitmi.gov/Portals/0/docs/policecommissioners/BOPC%20Meeting%203-16-17.pdf"
"2017","March 16, 2017 Draft Minutes","https://detroitmi.gov/Portals/0/docs/policecommissioners/Draft%20Minutes%20%20BOPC%20March%2016%202017.pdf"
"2017","March 9, 2017","https://detroitmi.gov/Portals/0/docs/policecommissioners/BOPC%20Meeting%203-9-17.pdf"
"2017","March 9, 2017 Draft Minutes","https://detroitmi.gov/Portals/0/docs/policecommissioners/Draft%20Minutes%20BOPC%20March%209%202017.pdf"
"2017","March 2, 2017 ","https://detroitmi.gov/Portals/0/docs/policecommissioners/BOPC%20MINUTES%20MARCH-2-17.pdf"
"2017","March 2, 2017 Draft Minutes","https://detroitmi.gov/Portals/0/docs/policecommissioners/Draft%20Minutes%20BOPC%20%20%20%20March%202%202017.pdf"
"2017","February 23, 2017","https://detroitmi.gov/Portals/0/docs/policecommissioners/BOPC%20Meeting%202-23-17.pdf"
"2017","February 23, 2017 Draft Minutes","https://detroitmi.gov/Portals/0/docs/policecommissioners/Draft%20Minutes%20%20BOPC%20February%2023%202017.pdf"
"2017","February 16, 2017","https://detroitmi.gov/Portals/0/docs/policecommissioners/BOPC%20Minutes%2002-16-17.pdf"
"2017","February 16, 2017 Draft Minutes","https://detroitmi.gov/Portals/0/docs/policecommissioners/Draft%20Minutes%20%20February%2016%202017.pdf"
"2017","February 9, 2017 Draft Minutes","https://detroitmi.gov/Portals/0/docs/policecommissioners/Draft%20Minutes%20Detroit%20Board%20of%20Police%20Commissioners%20February%209%202017.pdf"
"2017","February 2, 2017","https://detroitmi.gov/Portals/0/docs/policecommissioners/BOPC%20Meeting%202-2-17.pdf"
"2017","February 2, 2017 Draft Minutes","https://detroitmi.gov/Portals/0/docs/policecommissioners/Draft%20Minutes%20%20February%202%202017.pdf"
"2017","January 26, 2017","https://detroitmi.gov/Portals/0/docs/policecommissioners/BOPC%20Meeting%201-26-17.pdf"
"2017","January 26, 2017 Draft Minutes","https://detroitmi.gov/Portals/0/docs/policecommissioners/Draft%20Minutes%20%20January%2026%202017.pdf"
"2017","January 19, 2017 Draft Minutes","https://detroitmi.gov/Portals/0/docs/policecommissioners/Draft%20Minutes%20January%2019%202017.pdf"
"2017","January 12, 2017 ","https://detroitmi.gov/Portals/0/docs/policecommissioners/BOPC%20Meeting%20%2001-12-2017.pdf"
"2017","January 12, 2017 Draft Minutes","https://detroitmi.gov/document/bopc-january-12-2017-draft-minutes"
"2017","January 5, 2017 ","https://detroitmi.gov/Portals/0/docs/policecommissioners/BOPC%20Meeting%2001-05-2017.pdf"
"2017","January 5, 2017 Draft Minutes","https://detroitmi.gov/Portals/0/docs/policecommissioners/Draft%20Minutes%20January%205%202017%20-%20Detroit%20Board%20of%20Police%20Commissioners.pdf"
"2016","February 9, 2016 ","https://detroitmi.gov/Portals/0/docs/policecommissioners/BOPC%20Meeting%2002-09-2017.pdf"
"2016","January 19, 2016","https://detroitmi.gov/Portals/0/docs/policecommissioners/BOPC%20Meeting%201-19-17.pdf"
"2016","December 15, 2016","https://detroitmi.gov/document/bopc-december-15-2016"
"2016","December 15, 2016 Draft Minutes","https://detroitmi.gov/document/bopc-december-15-2016-draft-minutes"
"2016","December 8, 2016","https://detroitmi.gov/Portals/0/docs/policecommissioners/BOPC%20MEETING%2012-8-16.pdf"
"2016","December 1, 2016","https://detroitmi.gov/Portals/0/docs/policecommissioners/BOPC%20Meeting%2012-1-16.pdf"
"2016","December 1, 2016 Draft Minutes","https://detroitmi.gov/document/bopc-december-1-2016-draft-minutes"
"2016","November 24, 2016 - No Meeting Held",""
"2016","November 17, 2016","https://detroitmi.gov/Portals/0/docs/policecommissioners/BOPC%20Meeting%2011-17-16.pdf"
"2016","November 17, 2016 Draft Minutes","https://detroitmi.gov/document/bopc-november-17-2016-draft-minutes"
"2016","November 10, 2016","https://detroitmi.gov/Portals/0/docs/policecommissioners/BOPC%20Meeting%2011-10-16%29.pdf"
"2016","November 10, 2016 Draft Minutes","https://detroitmi.gov/document/bopc-november-10-2016-draft-minutes"
"2016","November 3, 2016","https://detroitmi.gov/Portals/0/docs/policecommissioners/BOPC%20Meeting%2011-03-16.pdf"
"2016","November 3, 2016 Draft Minutes","https://detroitmi.gov/document/bopc-november-3-2016-draft-minutes"
"2016","October 27, 2016","https://detroitmi.gov/Portals/0/docs/policecommissioners/BOPC%20Meeting%2010-27-16.pdf"
"2016","October 27, 2016 Draft Minutes","http://archive.detroitmi.gov/LinkClick.aspx?fileticket=co8QuYPAsmY%3D&portalid=0"
"2016","October 20, 2016","https://detroitmi.gov/Portals/0/docs/policecommissioners/BOPC%20Meeting%2010-20-16.pdf"
"2016","October 20, 2016 Draft Minutes","http://archive.detroitmi.gov/LinkClick.aspx?fileticket=SOokivsD4LE%3D&portalid=0"
"2016","October 13, 2016","http://archive.detroitmi.gov/LinkClick.aspx?fileticket=4QZh_MYT2cI%3D&portalid=0"
"2016","October 13, 2016 Draft Minutes","http://archive.detroitmi.gov/LinkClick.aspx?fileticket=M13SjcHzHFM%3D&portalid=0"
"2016","October 6, 2016","https://detroitmi.gov/Portals/0/docs/policecommissioners/BOPC%20Meeting%2010-06-16.pdf"
"2016","October 6, 2016 Draft Minutes","http://archive.detroitmi.gov/LinkClick.aspx?fileticket=apeFLjTkjpw%3D&portalid=0"
"2016","September 29, 2016 - No Meeting Held",""
"2016","September 22, 2016","https://detroitmi.gov/Portals/0/docs/policecommissioners/BOPC%20Meeting%2009-22-16.pdf"
"2016","September 22, 2016 Draft Minutes","http://archive.detroitmi.gov/LinkClick.aspx?fileticket=rvj2K3xVKgo%3D&portalid=0"
"2016","September 15, 2016","https://detroitmi.gov/Portals/0/docs/policecommissioners/BOPC%20Meeting%2009-15-16.pdf"
"2016","September 15, 2016 Draft Minutes","https://detroitmi.gov/Portals/0/docs/policecommissioners/Draft%20Minutes%20September%2015%202016.pdf"
"2016","September 8, 2016","https://detroitmi.gov/Portals/0/docs/policecommissioners/BOPC%20Meeting%2009-08-16.pdf"
"2016","September 8, 2016 Draft Minutes","http://archive.detroitmi.gov/LinkClick.aspx?fileticket=XQ1KbEX0wuo%3D&portalid=0"
"2016","September 1, 2016","https://detroitmi.gov/Portals/0/docs/policecommissioners/BOPC%20Meeting%2009-01-16.pdf"
"2016","September 1, 2016 Draft Minutes","http://archive.detroitmi.gov/LinkClick.aspx?fileticket=MNpp4izg224%3D&portalid=0"
"2016","August 25, 2016","https://detroitmi.gov/Portals/0/docs/policecommissioners/BOPC%20Meeting%2008-25-16.pdf"
"2016","August 25, 2016 Draft Minutes","http://archive.detroitmi.gov/LinkClick.aspx?fileticket=2udUqE2rtsc%3D&portalid=0"
"2016","August 18, 2016","https://detroitmi.gov/Portals/0/docs/policecommissioners/BOPC%20Meeting%2008-18-16.pdf"
"2016","August 18, 2016 Draft Minutes","http://archive.detroitmi.gov/LinkClick.aspx?fileticket=nfpiX8Vf1Sc%3D&portalid=0"
"2016","August 11, 2016","https://detroitmi.gov/Portals/0/docs/policecommissioners/BOPC%20Meeting%2008-11-16.pdf"
"2016","August 11, 2016 Draft Minutes","http://archive.detroitmi.gov/LinkClick.aspx?fileticket=yBUSHgifFV8%3D&portalid=0"
"2016","August 4, 2016","https://detroitmi.gov/Portals/0/docs/policecommissioners/BOPC%20Meeting%2008-04-16.pdf"
"2016","August 4, 2016 Draft Minutes","http://archive.detroitmi.gov/LinkClick.aspx?fileticket=6FaW5Wf-OAw%3D&portalid=0"
"2016","July 28, 2016","https://detroitmi.gov/Portals/0/docs/policecommissioners/BOPC%20Meeting%2007-28-16.pdf"
"2016","July 28, 2016 Draft Minutes","https://detroitmi.gov/Portals/0/docs/policecommissioners/Draft%20Minutes%20July%2028%202016%20Detroit%20Board%20of%20Police%20Commission%20Meeting.pdf"
"2016","uly 21, 2016 - No Quorum","https://detroitmi.gov/Portals/0/docs/policecommissioners/BOPC%20Meeting%2007-21-16.pdf"
"2016","July 14, 2016","https://detroitmi.gov/Portals/0/docs/policecommissioners/BOPC%20Meeting%2007-14-16.pdf"
"2016","July 7, 2016","https://detroitmi.gov/Portals/0/docs/policecommissioners/BOPC%20Meeting%2007-07-16.pdf"
"2016","June 30, 2016","https://detroitmi.gov/Portals/0/docs/policecommissioners/BOPC%20Meeting%2006-30-16.pdf"
"2016","June 23, 2016","https://detroitmi.gov/Portals/0/docs/policecommissioners/BOPC%20Meeting%2006-23-16.pdf"
"2016","June 16, 2016","https://detroitmi.gov/Portals/0/docs/policecommissioners/BOPC%20Meeting%2006-16-16.pdf"
"2016","June 9, 2016","https://detroitmi.gov/Portals/0/docs/policecommissioners/BOPC%20Meeting%2006-09-16.pdf"
"2016","June 2, 2016","https://detroitmi.gov/Portals/0/docs/policecommissioners/BOPC%20Meeting%2006-02-16.pdf"
"2016","May 26, 2016","https://detroitmi.gov/Portals/0/docs/policecommissioners/BOPC%2005-26-16.pdf"
"2016","May 19, 2016","https://detroitmi.gov/Portals/0/docs/policecommissioners/BOPC%20Meeting%2005-19-16.pdf"
"2016","May 12, 2016","https://detroitmi.gov/Portals/0/docs/policecommissioners/BOPC%20Meeting%2005-12-16.pdf"
"2016","May 5, 2016","https://detroitmi.gov/Portals/0/docs/policecommissioners/BOPC%20Meeting%205-5-16.pdf"
"2016","April 28, 2016","https://detroitmi.gov/Portals/0/docs/policecommissioners/BOPC%20Meeting%2004-28-16.pdf"
"2016","April 21, 2016","https://detroitmi.gov/Portals/0/docs/policecommissioners/BOPC%20Meeting%2004-21-16.pdf"
"2016","April 14, 2016","https://detroitmi.gov/Portals/0/docs/policecommissioners/BOPC%20Meeting%204-14-16.pdf"
"2016","April 7, 2016","http://archive.detroitmi.gov/LinkClick.aspx?fileticket=32w_BJhTTQY%3D&portalid=0"
"2016","March 31, 2016","https://detroitmi.gov/Portals/0/docs/policecommissioners/BOPC%20Meeting%2003-31-16.pdf"
"2016","March 24, 2016","https://detroitmi.gov/Portals/0/docs/policecommissioners/BOPC%20Meeting%2003-24-16.pdf"
"2016","March 17, 2016","https://detroitmi.gov/Portals/0/docs/policecommissioners/BOPC%20Meeting%2003-17-16.pdf"
"2016","March 10, 2016","https://detroitmi.gov/Portals/0/docs/policecommissioners/BOPC%20Meeting%203-10-16.pdf"
"2016","March 3, 2016","https://detroitmi.gov/Portals/0/docs/policecommissioners/BOPC%20Meeting%2003-03-16.pdf"
"2016","February 25, 2016","https://detroitmi.gov/Portals/0/docs/policecommissioners/BOPC%20Meeting%202-25-16.pdf"
"2016","February 18, 2016","https://detroitmi.gov/Portals/0/docs/policecommissioners/BOPC%20Meeting%2002-18-16.pdf"
"2016","February 11, 2016","https://detroitmi.gov/Portals/0/docs/policecommissioners/BOPC%20Meeting%2002-11-16.pdf"
"2016","February 4, 2016","https://detroitmi.gov/Portals/0/docs/policecommissioners/BOPC%20Meeting%2002-04-16.pdf"
"2016","January 28, 2016","https://detroitmi.gov/Portals/0/docs/policecommissioners/BOPC%20Meeting%2001-28-16.pdf"
"2016","January 21, 2016","https://detroitmi.gov/Portals/0/docs/policecommissioners/BOPC%20Meeting%201-21-16.pdf"
"2016","January 14, 2016","https://detroitmi.gov/Portals/0/docs/policecommissioners/BOPC%20Meeting%2001-14-16.pdf"
"2016","January 7, 2016","https://detroitmi.gov/Portals/0/docs/policecommissioners/BOPC%20Meeting%2001-07-16.pdf"
"2015","December 10, 2015","https://detroitmi.gov/Portals/0/docs/policecommissioners/DBPC%20Meeting%2012-10-15.pdf"
"2015","December 3, 2015","https://detroitmi.gov/Portals/0/docs/policecommissioners/DBPC%20Meeting%2012-03-15.pdf"
"2015","November 19, 2015","https://detroitmi.gov/Portals/0/docs/policecommissioners/DBPC%20Meeting%2011-19-15.pdf"
"2015","November 12, 2015 - No Meeting Held",""
"2015","November 5, 2015","https://detroitmi.gov/Portals/0/docs/policecommissioners/BOPC%20Meeting%2011-05-15.pdf"
"2015","October 29, 2015","https://detroitmi.gov/Portals/0/docs/policecommissioners/BOPC%20Meeting%2010-29-15.pdf"
"2015","October 22, 2015","https://detroitmi.gov/Portals/0/docs/policecommissioners/BOPC%20Meeting%2010-22-15.pdf"
"2015","October 15, 2015","https://detroitmi.gov/Portals/0/docs/policecommissioners/BOPC%20Meeting%2010-15-15.pdf"
"2015","October 1, 2015","https://detroitmi.gov/Portals/0/docs/policecommissioners/BOPC%20Meeting%2010-1-15.pdf"
"2015","September 24, 2015","https://detroitmi.gov/Portals/0/docs/policecommissioners/BOPC%20Meeting%2009-24-15.pdf"
"2015","September 17, 2015","https://detroitmi.gov/Portals/0/docs/policecommissioners/BOPC%20Meeting%2009-17-15.pdf"
"2015","September 10, 2015","https://detroitmi.gov/Portals/0/docs/policecommissioners/BOPC%20Meeting%2009-10-15.pdf"
"2015","September 3, 2015","https://detroitmi.gov/Portals/0/docs/policecommissioners/BOPC%20Meeting%209-3-15.pdf"
"2015","August 27, 2015","https://detroitmi.gov/Portals/0/docs/policecommissioners/BOPC%20Meeting%2008-27-15.pdf"
"2015","August 20, 2015","https://detroitmi.gov/Portals/0/docs/policecommissioners/BOPC%20Meeting%2008-20-15.pdf"
"2015","August 13, 2015","https://detroitmi.gov/Portals/0/docs/policecommissioners/BOPC%20Meeting%2008-13-15.pdf"
"2015","August 6, 2015","https://detroitmi.gov/Portals/0/docs/policecommissioners/BOPC%20Meeting%2008-06-15.pdf"
"2015","July 30, 2015","https://detroitmi.gov/Portals/0/docs/policecommissioners/BOPC%20Meeting%2007-30-15.pdf"
"2015","July 23, 2015","https://detroitmi.gov/Portals/0/docs/policecommissioners/BOPC%20Meeting%2007-23-15.pdf"
"2015","July 16, 2015","https://detroitmi.gov/Portals/0/docs/policecommissioners/BOPC%20Meeting%2007-16-15.pdf"
"2015","July 9, 2015","https://detroitmi.gov/Portals/0/docs/policecommissioners/BOPC%20Meeting%2007-09-15.pdf"
"2015","June 30, 2015","https://detroitmi.gov/Portals/0/docs/policecommissioners/BOPC%20Meeting%2006-30-15.pdf"
"2015","June 25, 2015","https://detroitmi.gov/Portals/0/docs/policecommissioners/BOPC%20Meeting%2006-25-15.pdf"
"2015","June 18, 2015","https://detroitmi.gov/Portals/0/docs/policecommissioners/BOPC%20Meeting%2006-18-15.pdf"
"2015","June 11, 2015","https://detroitmi.gov/Portals/0/docs/policecommissioners/BOPC%20Meeting%2006-11-15.pdf"
"2015","June 4, 2015","https://detroitmi.gov/Portals/0/docs/policecommissioners/BOPC%20Meeting%2006-04-15.pdf"
"2015","May 28, 2015","https://detroitmi.gov/Portals/0/docs/policecommissioners/BOPC%20Meeting%2005-28-15.pdf"
"2015","May 21, 2015","https://detroitmi.gov/Portals/0/docs/policecommissioners/BOPC%20Meeting%2005-21-15.pdf"
"2015","May 14, 2015","https://detroitmi.gov/Portals/0/docs/policecommissioners/BOPC%20Meeting%2005-14-15.pdf"
"2015","May 7, 2015","https://detroitmi.gov/Portals/0/docs/policecommissioners/BOPC%20Meeting%2005-07-15.pdf"
"2015","April 30, 2015","https://detroitmi.gov/Portals/0/docs/policecommissioners/BOPC%20Meeting%2004-30-15.pdf"
"2015","April 23, 2015","https://detroitmi.gov/Portals/0/docs/policecommissioners/BOPC%20Meeting%2004-23-15.pdf"
"2015","April 16, 2015","https://detroitmi.gov/Portals/0/docs/policecommissioners/BOPC%20Meeting%2004-16-15.pdf"
"2015","April 9, 2015","https://detroitmi.gov/Portals/0/docs/policecommissioners/BOPC%20Meeting%204-9-15.pdf"
"2015","April 2, 2015","https://detroitmi.gov/Portals/0/docs/policecommissioners/2015/Minutes/BOPC%20Meeting%2004-02-15.pdf"
"2015","March 26, 2015","https://detroitmi.gov/Portals/0/docs/policecommissioners/BOPC%20Meeting%203-26-15.pdf"
"2015","March 19, 2015","https://detroitmi.gov/Portals/0/docs/policecommissioners/2015/Minutes/BOPC%20Meeting%2003-19-15.pdf"
"2015","March 12, 2015","https://detroitmi.gov/Portals/0/docs/policecommissioners/2015/Minutes/BOPC%20Meeting%2003-12-15.pdf"
"2015","March 5, 2015","https://detroitmi.gov/Portals/0/docs/policecommissioners/BOPC%20Meeting%2003-05-15.pdf"
"2015","February 26, 2015","https://detroitmi.gov/Portals/0/docs/policecommissioners/2015/Minutes/BOPC%20Meeting%2002-26-15.pdf"
"2015","February 19, 2015","https://detroitmi.gov/Portals/0/docs/policecommissioners/2015/Minutes/BOPC%20Meeting%2002-19-15.pdf"
"2015","February 12, 2015","https://detroitmi.gov/Portals/0/docs/policecommissioners/BOPC%20Meeting%2002-12-15.pdf"
"2015","February 5, 2015","https://detroitmi.gov/Portals/0/docs/policecommissioners/2015/Minutes/BOPC%20Meeting%2002-05-15.pdf"
"2015","January 29, 2015","https://detroitmi.gov/Portals/0/docs/policecommissioners/2015/Minutes/BOPC%20Meeting%2001-29-15.pdf"
"2015","January 22, 2015","https://detroitmi.gov/Portals/0/docs/policecommissioners/2015/Minutes/BOPC%20Meeting%2001-22-15.pdf"
"2015","January 15, 2015","https://detroitmi.gov/Portals/0/docs/policecommissioners/2015/Minutes/BOPC%20Meeting%2001-15-15.pdf"
"2015","January 8, 2015 ","https://detroitmi.gov/Portals/0/docs/policecommissioners/2015/Minutes/BOPC%20Meeting%2001-8-15.pdf"
"2014","December 18, 2014","https://detroitmi.gov/Portals/0/docs/policecommissioners/2014/BOPC%2012-18-14.pdf"
"2014","December 11, 2014","https://detroitmi.gov/Portals/0/docs/policecommissioners/2014/BOPC%2012-11-14.pdf"
"2014","December 4, 2014","https://detroitmi.gov/Portals/0/docs/policecommissioners/2014/BOPC%2012-4-14.pdf"
"2014","November 20, 2014 ","https://detroitmi.gov/Portals/0/docs/policecommissioners/2014/BOPC%2011-20-14.pdf"
"2014","November 13, 2014 ","https://detroitmi.gov/Portals/0/docs/policecommissioners/BOPC%20Meeting%2011-13-14.pdf"
"2014","November 6, 2014","https://detroitmi.gov/Portals/0/docs/policecommissioners/2014/BOPC%20Meeting%2011-06-14.pdf"
"2014","October 30, 2014","https://detroitmi.gov/Portals/0/docs/policecommissioners/2014/BOPC%2010-30-14.pdf"
"2014","October 23, 2014","https://detroitmi.gov/Portals/0/docs/policecommissioners/2014/BOPC%2010-23-14.pdf"
"2014","October 16, 2014","https://detroitmi.gov/Portals/0/docs/policecommissioners/2014/BOPC%2010-16-14.pdf"
"2014","October 9, 2014","https://detroitmi.gov/Portals/0/docs/policecommissioners/2014/BOPC%2010-9-14.pdf"
"2014","October 2, 2014","https://detroitmi.gov/Portals/0/docs/policecommissioners/2014/BOPC%20%2010-02-14.pdf"
"2014","September 25, 2014","https://detroitmi.gov/Portals/0/docs/policecommissioners/2014/BOPC%2009-25-14.pdf"
"2014","September 18, 2014","https://detroitmi.gov/Portals/0/docs/policecommissioners/2014/BOPC%20%2009-18-14.pdf"
"2014","September 11, 2014","https://detroitmi.gov/Portals/0/docs/policecommissioners/2014/BOPC%20Meeting%2009-11-14.pdf"
"2014","September 4, 2014","https://detroitmi.gov/Portals/0/docs/policecommissioners/2014/BOPC%20Meeting%2009-04-14.pdf"
"2014","August 28, 2014 ","https://detroitmi.gov/Portals/0/docs/policecommissioners/2014/BOPC%20%2008-28-14.pdf"
"2014","August 21, 2014","https://detroitmi.gov/Portals/0/docs/policecommissioners/2014/BOPC%20Meeting%208-21-14.pdf"
"2014","August 14, 2014","https://detroitmi.gov/Portals/0/docs/policecommissioners/2014/BOPC%20Meeting%2008-14-14.pdf"
"2014","August 7, 2014","https://detroitmi.gov/Portals/0/docs/policecommissioners/2014/BOPC%2008-07-14.pdf"
"2014","July 31, 2014","https://detroitmi.gov/Portals/0/docs/policecommissioners/2014/BOPC%2007-31-14.pdf"
"2014","July 24, 2014","https://detroitmi.gov/Portals/0/docs/policecommissioners/2014/BOPC%2007-24-14.pdf"
"2014","July 17, 2014","https://detroitmi.gov/Portals/0/docs/policecommissioners/2014/BOPC%2007-17-14.pdf"
"2014","July 10, 2014","https://detroitmi.gov/Portals/0/docs/policecommissioners/2014/BOPC%2007-10-14.pdf"
"2014","July 2, 2014","https://detroitmi.gov/Portals/0/docs/policecommissioners/2014/BOPC%2007-02-14.pdf"
"2014","June 26, 2014","https://detroitmi.gov/Portals/0/docs/policecommissioners/2014/BOPC%20%2006-26-14.pdf"
"2014","June 19, 2014","https://detroitmi.gov/Portals/0/docs/policecommissioners/2014/BOPC%2006-19-14.pdf"
"2014","June 12, 2014","https://detroitmi.gov/Portals/0/docs/policecommissioners/2014/BOPC%2006-12-14.pdf"
"2014","June 5, 2014","https://detroitmi.gov/Portals/0/docs/policecommissioners/2014/BOPC%206-5-14.pdf"
"2014","May 29, 2014","https://detroitmi.gov/Portals/0/docs/policecommissioners/2014/BOPC%205-29-14.pdf"
"2014","May 22, 2014","https://detroitmi.gov/Portals/0/docs/policecommissioners/2014/BOPC%205-22-14.pdf"
"2014","May 15, 2014","https://detroitmi.gov/Portals/0/docs/policecommissioners/2014/BOPC%205-15-14.pdf"
"2014","May 8, 2014","https://detroitmi.gov/Portals/0/docs/policecommissioners/2014/BOPC%205-8-14.pdf"
"2014","May 1, 2014","https://detroitmi.gov/Portals/0/docs/policecommissioners/2014/BOPC%20%205-1-14.pdf"
"2014","April 24, 2014","https://detroitmi.gov/Portals/0/docs/policecommissioners/2014/BOPC%20Meeting%204-24-14.pdf"
"2014","April 17, 2014","https://detroitmi.gov/Portals/0/docs/policecommissioners/2014/DBPC%20Meeting%2004-17-14.pdf"
"2014","April 10, 2014","https://detroitmi.gov/Portals/0/docs/policecommissioners/2014/BOPC%2004-10-14.pdf"
"2014","April 3, 2014","https://detroitmi.gov/Portals/0/docs/policecommissioners/2014/BPOC%2004-03-14.pdf"
"2014","March 27, 2014","https://detroitmi.gov/Portals/0/docs/policecommissioners/2014/BOPC%20%20%2003-27-14.pdf"
"2014","March 20, 2014","https://detroitmi.gov/Portals/0/docs/policecommissioners/2014/BOPC%20%2003-20-14.pdf"
"2014","March 13, 2014","https://detroitmi.gov/Portals/0/docs/policecommissioners/2014/BOPC%2003-13-14.pdf"
"2014","March 6, 2014","https://detroitmi.gov/Portals/0/docs/policecommissioners/2014/BOPC%20%2003-06-14.pdf"
"2014","February 27, 2014","https://detroitmi.gov/Portals/0/docs/policecommissioners/2014/BOPC%20%2002-27-14.pdf"
"2014","February 20, 2014","https://detroitmi.gov/Portals/0/docs/policecommissioners/2014/BOPC%20%202-20-14.pdf"
"2014","February 13, 2014","https://detroitmi.gov/Portals/0/docs/policecommissioners/2014/BOPC%202-13-14.pdf"
"2014","February 6, 2014","https://detroitmi.gov/Portals/0/docs/policecommissioners/2014/BOPC%202-6-14.pdf"
"2014","January 30, 2014","https://detroitmi.gov/Portals/0/docs/policecommissioners/2014/BOPC%201-30-14.pdf"
"2014","January 23, 2014","https://detroitmi.gov/Portals/0/docs/policecommissioners/2014/BOPC%201-23-14.pdf"
"2014","January 16, 2014","https://detroitmi.gov/Portals/0/docs/policecommissioners/2014/BOPC%201-16-14.pdf"
"2014","January 9, 2014","https://detroitmi.gov/Portals/0/docs/policecommissioners/2014/BOPC%201-9-14.pdf"
"2013","December 30, 2013 - No Meeting Held",""
"2013","
December 23, 2013 - No Meeting Held",""
"2013","December 19, 2013","https://detroitmi.gov/Portals/0/docs/policecommissioners/2013/BOPC%2012-19-13.pdf"
"2013","December 12, 2013","https://detroitmi.gov/Portals/0/docs/policecommissioners/2013/BOPC%2012-12-13.pdf"
"2013","December 5, 2013","https://detroitmi.gov/Portals/0/docs/policecommissioners/2013/BOPC%2012-5-13.pdf"
"2013","
November 26, 2013 - No Meeting Held",""
"2013","
November 21, 2013 - No Meeting Held",""
"2013","November 14, 2013","https://detroitmi.gov/Portals/0/docs/policecommissioners/2013/BOPC%2011-14-13.pdf"
"2013","November 7, 2013","https://detroitmi.gov/Portals/0/docs/policecommissioners/2013/BOPC%2011-7-13.pdf"
"2013","October 31, 2013","https://detroitmi.gov/Portals/0/docs/policecommissioners/2013/BOPC%2010-31-13.pdf"
"2013","October 10, 2013","https://detroitmi.gov/Portals/0/docs/policecommissioners/2013/BOPC%2010-10-13.pdf"
"2013","October 3, 2013","https://detroitmi.gov/Portals/0/docs/policecommissioners/2013/BOPC%2010-03-13.pdf"
"2013","September 26, 2013","https://detroitmi.gov/Portals/0/docs/policecommissioners/2013/BOPC%2009-26-13.pdf"
"2013","September 19, 2013","https://detroitmi.gov/Portals/0/docs/policecommissioners/2013/BOPC%20%2009-19-13%20Informationl%20Forum.pdf"
"2013","September 12, 2013","https://detroitmi.gov/Portals/0/docs/policecommissioners/2013/BOPC%2009-12-13.pdf"
"2013","September 5, 2013","https://detroitmi.gov/Portals/0/docs/policecommissioners/2013/BOPC%2009-05-13.pdf"
"2013","August 29, 2013","https://detroitmi.gov/Portals/0/docs/policecommissioners/2013/BOPC%2008-29-13.pdf"
"2013","August 22, 2013","https://detroitmi.gov/Portals/0/docs/policecommissioners/2013/BOPC%2008-22-13.pdf"
"2013","August 15, 2013","https://detroitmi.gov/Portals/0/docs/policecommissioners/2013/BOPC%2008-15-13.pdf"
"2013","August 8, 2013","https://detroitmi.gov/Portals/0/docs/policecommissioners/2013/BOPC%2008-08-13.pdf"
"2013","August 1, 2013","https://detroitmi.gov/Portals/0/docs/policecommissioners/2013/BOPC%2008-01-13.pdf"
"2013","July 25, 2013","https://detroitmi.gov/Portals/0/docs/policecommissioners/2013/BOPC%2007-25-13.pdf"
"2013","July 18, 2013","https://detroitmi.gov/Portals/0/docs/policecommissioners/2013/BOPC%2007-18-13.pdf"
"2013","July 11, 2013","https://detroitmi.gov/Portals/0/docs/policecommissioners/2013/BOPC%2007-11-13.pdf"
"2013","July 2, 2013","https://detroitmi.gov/Portals/0/docs/policecommissioners/2013/BOPC%2007-02-13.pdf"
"2013","June 27, 2013","https://detroitmi.gov/Portals/0/docs/policecommissioners/2013/BOPC%2006-27-13.pdf"
"2013","June 20, 2013","https://detroitmi.gov/Portals/0/docs/policecommissioners/2013/BOPC%2006-20-13.pdf"
"2013","June 13, 2013","https://detroitmi.gov/Portals/0/docs/policecommissioners/2013/BOPC%2006-13-13.pdf"
"2013","June 6, 2013","https://detroitmi.gov/Portals/0/docs/policecommissioners/2013/BOPC%2006-06-13.pdf"
"2013","May 30, 2013","https://detroitmi.gov/Portals/0/docs/policecommissioners/2013/BOPC%2005-30-13.pdf"
"2013","May 23, 2013","https://detroitmi.gov/Portals/0/docs/policecommissioners/2013/BOPC%2005-23-13.pdf"
"2013","May 16, 2013","https://detroitmi.gov/Portals/0/docs/policecommissioners/2013/BOPC%2005-16-13.pdf"
"2013","May 9, 2013","https://detroitmi.gov/Portals/0/docs/policecommissioners/2013/BOPC%2005-09-13.pdf"
"2013","May 2, 2013","https://detroitmi.gov/Portals/0/docs/policecommissioners/2013/BOPC%2005-02-13.pdf"
"2013","April 25, 2013","https://detroitmi.gov/Portals/0/docs/policecommissioners/2013/BOPC%2004-25-13.pdf"
"2013","April 18, 2013","https://detroitmi.gov/Portals/0/docs/policecommissioners/2013/BOPC%20%2004-18-13.pdf"
"2013","April 11, 2013","https://detroitmi.gov/Portals/0/docs/policecommissioners/2013/BOPC%2004-11-13.pdf"
"2013","April 4, 2013","https://detroitmi.gov/Portals/0/docs/policecommissioners/2013/BOPC%2004-04-13.pdf"
"2013","March 28, 2013","https://detroitmi.gov/Portals/0/docs/policecommissioners/2013/BOPC%20%2003-28-13.pdf"
"2013","March 21, 2013","https://detroitmi.gov/Portals/0/docs/policecommissioners/2013/BOPC%2003-21-13.pdf"
"2013","March 14, 2013","https://detroitmi.gov/Portals/0/docs/policecommissioners/2013/BOPC%2003-14-13.pdf"
"2013","March 7, 2013","https://detroitmi.gov/Portals/0/docs/policecommissioners/2013/BOPC%2003-07-13.pdf"
"2013","February 28, 2013","https://detroitmi.gov/Portals/0/docs/policecommissioners/2013/BOPC%2002-28-13.pdf"
"2013","February 21, 2013","https://detroitmi.gov/Portals/0/docs/policecommissioners/2013/BOPC%2002-21-13.pdf"
"2013","February 14, 2013","https://detroitmi.gov/Portals/0/docs/policecommissioners/2013/BOPC%2002-14-13.pdf"
"2013","February 7, 2013","https://detroitmi.gov/Portals/0/docs/policecommissioners/2013/BOPC%20%2002-07-13.pdf"
"2013","January 31, 2013","https://detroitmi.gov/Portals/0/docs/policecommissioners/2013/BOPC%2001-31-13.pdf"
"2013","January 24, 2013","https://detroitmi.gov/Portals/0/docs/policecommissioners/2013/BOPC%20%2001-24-13.pdf"
"2013","January 17, 2013","https://detroitmi.gov/Portals/0/docs/policecommissioners/2013/BOPC%2001-17-13.pdf"
"2013","January 10, 2013","https://detroitmi.gov/Portals/0/docs/policecommissioners/2013/BOPC%2001-10-13.pdf"
"2013","
January 3, 2013 - No Meeting Held",""
"2012","December 27, 2012 - No Meeting Held","https://detroitmi.gov/Portals/0/docs/policecommissioners/2012/BOPC%2012-20-12.pdf"
"2012","December 20, 2012","https://detroitmi.gov/Portals/0/docs/policecommissioners/2012/BOPC%2012-20-12.pdf"
"2012","December 13, 2012","https://detroitmi.gov/Portals/0/docs/policecommissioners/2012/BOPC%2012-13-12.pdf"
"2012","December 6, 2012","https://detroitmi.gov/Portals/0/docs/policecommissioners/2012/BOPC%2012-6-12.pdf"
"2012","November 29, 2012","https://detroitmi.gov/Portals/0/docs/policecommissioners/2012/BOPC%2011-29-12.pdf"
"2012","November 20, 2012 - No Meeting Held","https://detroitmi.gov/Portals/0/docs/policecommissioners/2012/BOPC%2010-25-12.pdf"
"2012","November 15, 2012","https://detroitmi.gov/Portals/0/docs/policecommissioners/2012/BOPC%2011-15-12.pdf"
"2012","November 8, 2012","https://detroitmi.gov/Portals/0/docs/policecommissioners/2012/BOPC%2011-8-12.pdf"
"2012","November 1, 2012","https://detroitmi.gov/Portals/0/docs/policecommissioners/2012/BOPC%2011-1-12.pdf"
"2012","October 25, 2012","https://detroitmi.gov/Portals/0/docs/policecommissioners/2012/BOPC%2010-25-12.pdf"
"2012","October 18, 2012","https://detroitmi.gov/Portals/0/docs/policecommissioners/2012/BOPC%2010-18-12.pdf"
"2012","October 11, 2012","https://detroitmi.gov/Portals/0/docs/policecommissioners/2012/BOPC%2010-11-12.pdf"
"2012","October 4, 2012","https://detroitmi.gov/Portals/0/docs/policecommissioners/2012/BOPC%2010-04-12.pdf"
"2012","September 27, 2012","https://detroitmi.gov/Portals/0/docs/policecommissioners/2012/BOPC%2009-27-12.pdf"
"2012","September 20, 2012","https://detroitmi.gov/Portals/0/docs/policecommissioners/2012/BOPC%2009-20-12.pdf"
"2012","September 13, 2012","https://detroitmi.gov/Portals/0/docs/policecommissioners/2012/BOPC%209-13-12.pdf"
"2012","September 6, 2012","https://detroitmi.gov/Portals/0/docs/policecommissioners/2012/BOPC%2009-06-12.pdf"
"2012","August 30, 2012","https://detroitmi.gov/Portals/0/docs/policecommissioners/2012/BOPC%2008-30-12.pdf"
"2012","August 23, 2012","https://detroitmi.gov/Portals/0/docs/policecommissioners/2012/BOPC%2008-23-12.pdf"
"2012","August 16, 2012","https://detroitmi.gov/Portals/0/docs/policecommissioners/2012/BOPC%2008-16-12.pdf"
"2012","August 9, 2012","https://detroitmi.gov/Portals/0/docs/policecommissioners/2012/BOPC%2008-09-12.pdf"
"2012","August 2, 2012","https://detroitmi.gov/Portals/0/docs/policecommissioners/2012/BOPC%2008-02-12.pdf"
"2012","July 19, 2012","https://detroitmi.gov/Portals/0/docs/policecommissioners/2012/BOPC%2007-19-12.pdf"
"2012","July 12, 2012","https://detroitmi.gov/Portals/0/docs/policecommissioners/2012/BOPC%2007-12-12.pdf"
"2012","July 3, 2012","https://detroitmi.gov/Portals/0/docs/policecommissioners/2012/BOPC%2007-03-12.pdf"
"2012","June 28, 2012","https://detroitmi.gov/Portals/0/docs/policecommissioners/2012/BOPC%2006-28-12.pdf"
"2012","June 21, 2012","https://detroitmi.gov/Portals/0/docs/policecommissioners/2012/BOPC%2006-21-12.pdf"
"2012","June 14, 2012","https://detroitmi.gov/Portals/0/docs/policecommissioners/2012/BOPC%2006-14-12.pdf"
"2012","June 7, 2012","https://detroitmi.gov/Portals/0/docs/policecommissioners/2012/BOPC%2006-07-12.pdf"
"2012","May 31, 2012","https://detroitmi.gov/Portals/0/docs/policecommissioners/2012/BOPC%2005-31-12.pdf"
"2012","May 24, 2012","https://detroitmi.gov/Portals/0/docs/policecommissioners/2012/BOPC%2005-24-12.pdf"
"2012","May 17, 2012","https://detroitmi.gov/Portals/0/docs/policecommissioners/2012/BOPC%205-17-12.pdf"
"2012","May 10, 2012","https://detroitmi.gov/Portals/0/docs/policecommissioners/2012/BOPC%2005-10-12.pdf"
"2012","May 3, 2012","https://detroitmi.gov/Portals/0/docs/policecommissioners/2012/BOPC%2005-03-12.pdf"
"2012","April 26, 2012","https://detroitmi.gov/Portals/0/docs/policecommissioners/2012/BOPC%2004-26-12.pdf"
"2012","April 19, 2012","https://detroitmi.gov/Portals/0/docs/policecommissioners/2012/BOPC%2004-19-12.pdf"
"2012","April 12, 2012","https://detroitmi.gov/Portals/0/docs/policecommissioners/2012/BOPC%204-12-12.pdf"
"2012","April 5, 2012","https://detroitmi.gov/Portals/0/docs/policecommissioners/2012/BOPC%2004-05-12.pdf"
"2012","March 29, 2012","https://detroitmi.gov/Portals/0/docs/policecommissioners/2012/BOPC%2003-29-12.pdf"
"2012","March 22. 2012","https://detroitmi.gov/Portals/0/docs/policecommissioners/2012/BOPC%2003-22-12.pdf"
"2012","March 15, 2012","https://detroitmi.gov/Portals/0/docs/policecommissioners/2012/BOPC%2003-15-12.pdf"
"2012","March 8, 2012","https://detroitmi.gov/Portals/0/docs/policecommissioners/2012/BOPC%2003-08-12.pdf"
"2012","March 1, 2012","https://detroitmi.gov/Portals/0/docs/policecommissioners/2012/BOPC%2003-01-12.pdf"
"2012","February 23, 2012","https://detroitmi.gov/Portals/0/docs/policecommissioners/2012/BOPC%2002-23-12.pdf"
"2012","February 16, 2012","https://detroitmi.gov/Portals/0/docs/policecommissioners/2012/BOPC%2002-16-12.pdf"
"2012","February 9, 2012","https://detroitmi.gov/Portals/0/docs/policecommissioners/2012/BOPC%2002-09-12.pdf"
"2012","February 6, 2012 - Special Meeting","https://detroitmi.gov/Portals/0/docs/policecommissioners/2012/BOPC%20Special%20Meeting%2002-06-12.pdf"
"2012","February 2, 2012","https://detroitmi.gov/Portals/0/docs/policecommissioners/2012/BOPC%2002-02-12.pdf"
"2012","January 26, 2012","https://detroitmi.gov/Portals/0/docs/policecommissioners/2012/BOPC%2001-26-12.pdf"
"2012","January 19, 2012","https://detroitmi.gov/Portals/0/docs/policecommissioners/2012/BOPC%2001-19-12.pdf"
"2012","January 12, 2012","https://detroitmi.gov/Portals/0/docs/policecommissioners/2012/BOPC%2001-12-12.pdf"
"2012","January 5, 2012","https://detroitmi.gov/Portals/0/docs/policecommissioners/2012/BOPC%2001-05-12.pdf"
"2011","Special Meeting - August 16, 2011","https://detroitmi.gov/Portals/0/docs/policecommissioners/2011/dbpc%20special%20meeting081611der%20-%20Vol.%20I.pdf"
"2011","August 16, 2011","https://detroitmi.gov/Portals/0/docs/policecommissioners/2011/BOPC%20MINUTES%208-16-11.pdf"
"2011","August 11, 2011","https://detroitmi.gov/Portals/0/docs/policecommissioners/2011/BOPC%20MINUTES%208-11-11.pdf"
"2011","June 2, 2011","https://detroitmi.gov/Portals/0/docs/policecommissioners/2011/Detroit%20Board%20of%20Police%20Comm%20Mtg%20Corrected%206-02-11.pdf"
"2011","May 26, 2011","https://detroitmi.gov/Portals/0/docs/policecommissioners/2011/Detroit%20Board%20of%20Police%20Comm%20Mtg%20Corrected%205-26-11.pdf"
"2011","May 19, 2011","https://detroitmi.gov/Portals/0/docs/policecommissioners/2011/Detroit%20Board%20of%20Police%20Comm%20Mtg%20Corrected%205-19-11.pdf"
"2011","May 12, 2011","https://detroitmi.gov/Portals/0/docs/policecommissioners/2011/Detroit%20Board%20of%20Police%20Comm%20Mtg%20Corrected%205-12-11.pdf"
"2011","May 10, 2011","https://detroitmi.gov/Portals/0/docs/policecommissioners/2011/Detroit%20Board%20of%20Police%20Comm.%20Mtg.%20CORRECTED%2005-10-11.pdf"
"2011","May 5, 2011","https://detroitmi.gov/Portals/0/docs/policecommissioners/2011/Detroit%20Board%20of%20Police%20Comm.%20Mtg.%20Corrected%2005-05-11.pdf"
"2011","April 28, 2011","https://detroitmi.gov/Portals/0/docs/policecommissioners/2011/Detroit%20Board%20of%20Police%20Comm.%20Mtg.%20Corrected%2004-28-11.pdf"
"2011","April 21, 2011","https://detroitmi.gov/Portals/0/docs/policecommissioners/2011/Corrected%20Detroit%20Board%20of%20Police%20Comm.%20Mtg.%2004-21-11.pdf"
"2011","April 14, 2011","https://detroitmi.gov/Portals/0/docs/policecommissioners/2011/Detroit%20Board%20of%20Police%20Comm.%20Mtg.%2004-14-11.pdf"
"2011","March 31, 2011","https://detroitmi.gov/Portals/0/docs/policecommissioners/2011/Detroit%20Board%20of%20Police%20Commissioners%20Mtg%203-31-11.pdf"
"2011","March 24. 2011","https://detroitmi.gov/Portals/0/docs/policecommissioners/2011/Detroit%20Board%20of%20Police%20Comm.%20Mtg.%20Corrected%2003-24-11.pdf"
"2011","March 17, 2011","https://detroitmi.gov/Portals/0/docs/policecommissioners/2011/Mtg03172011.pdf"
"2011","March 10, 2011 ","https://detroitmi.gov/Portals/0/docs/policecommissioners/2011/Mtg03102011.pdf"
"2011","March 3, 2011","https://detroitmi.gov/Portals/0/docs/policecommissioners/2011/Mtg3032011.pdf"
"2011","February 24, 2011","https://detroitmi.gov/Portals/0/docs/policecommissioners/2011/Meeting022411.pdf"
"2011","February 17, 2011","https://detroitmi.gov/Portals/0/docs/policecommissioners/2011/Meeting021711.pdf"
"2011","February 10, 2011","https://detroitmi.gov/Portals/0/docs/policecommissioners/2011/Meeting021011.pdf"
"2011","February 3, 2011","https://detroitmi.gov/Portals/0/docs/policecommissioners/2011/Meeting020311.pdf"
"2011","January 27, 2011","https://detroitmi.gov/Portals/0/docs/policecommissioners/2011/Meeting012711.pdf"
"2011","January 13, 2011","https://detroitmi.gov/Portals/0/docs/policecommissioners/2011/Meeting011311.pdf"
"2011","January 6, 2011","https://detroitmi.gov/Portals/0/docs/policecommissioners/2011/Meeting010611.pdf"
