"Section","Report Title","URL"
"Fiscal Analysis Reports to Council 2013","13-08-16: Gaming Tax Revenue through June 2013","https://www.detroitmi.gov/sites/detroitmi.localhost/files/migrated_docs/fiscal-analysis-reports/2013/2013%20Five%20Year%20Capital%20Agenda.pdf"
"Fiscal Analysis Reports to Council 2013",""13-07-23: Woodward Willis"," LLC Abatement Request"","https://www.detroitmi.gov/sites/detroitmi.localhost/files/migrated_docs/fiscal-analysis-reports/2013/Woodward%20Willis%20LLC%20Abatement%20Request.pdf"
"Fiscal Analysis Reports to Council 2013","13-07-23: Sakthi Automotive Abatement Request Corrected","https://www.detroitmi.gov/sites/detroitmi.localhost/files/migrated_docs/fiscal-analysis-reports/2013/Sakthi%20Automotive%20Abatement%20Request%20Corrected%20Copy.pdf"
"Fiscal Analysis Reports to Council 2013","13-07-22: Sakthi Automotive Abatement Request","https://www.detroitmi.gov/sites/detroitmi.localhost/files/migrated_docs/fiscal-analysis-reports/2013/Sakthi%20Automotive%20PA%20of%20382.pdf"
"Fiscal Analysis Reports to Council 2013","13-07-22: Alex & Beck LLC Abatement Request","https://www.detroitmi.gov/sites/detroitmi.localhost/files/migrated_docs/fiscal-analysis-reports/2013/AlexAndBeckLLCPAof146.pdf"
"Fiscal Analysis Reports to Council 2013","13-06-13: Gaming Tax Revenue through May 2013","https://www.detroitmi.gov/sites/detroitmi.localhost/files/migrated_docs/fiscal-analysis-reports/2013/Report%20on%20Gaming%20Tax%20Revenue%20through%20May%202013-2.pdf"
"Fiscal Analysis Reports to Council 2013","13-05-30: Reso of Override the Mayor's Veto","https://www.detroitmi.gov/sites/detroitmi.localhost/files/migrated_docs/fiscal-analysis-reports/2013/Reso%20to%20Override%20Mayor_s%20Veto%205-30-13.pdf"
"Fiscal Analysis Reports to Council 2013","13-05-22: Green Garage LLC PA 146 of 2000","https://www.detroitmi.gov/sites/detroitmi.localhost/files/migrated_docs/fiscal-analysis-reports/2013/Green%20Garage%20LLC%20Abatement%20Request.pdf"
"Fiscal Analysis Reports to Council 2013","13-05-17: Gaming Tax Revenue through April 2013","https://www.detroitmi.gov/sites/detroitmi.localhost/files/migrated_docs/fiscal-analysis-reports/2013/Report%20on%20Gaming%20Tax%20Revenue%20through%20April%202013.pdf"
"Fiscal Analysis Reports to Council 2013",""13-05-15: Grand Price"," Inc. Abatement Request"","https://www.detroitmi.gov/sites/detroitmi.localhost/files/migrated_docs/fiscal-analysis-reports/2013/Grand%20Price%20Inc%20Abatement%20Request.pdf"
"Fiscal Analysis Reports to Council 2013","13-04-29: Prelim. Review of 13-14 Mayor's Proposed Budget","https://www.detroitmi.gov/sites/detroitmi.localhost/files/migrated_docs/fiscal-analysis-reports/2013/Preliminary%20Review%20of%202013-14%20Mayor's%20Proposed%20Budget.pdf"
"Fiscal Analysis Reports to Council 2013","13-04-24: Quicken Loans PA 328 Tax Abatement","https://www.detroitmi.gov/sites/detroitmi.localhost/files/migrated_docs/fiscal-analysis-reports/2013/Quicken%20Loans%20PA%20328%20Abatement%202013%20CORRECTED.pdf"
"Fiscal Analysis Reports to Council 2013","13-04-24: GNT Holdings PA 146 Tax Abatement","https://www.detroitmi.gov/sites/detroitmi.localhost/files/migrated_docs/fiscal-analysis-reports/2013/GNT%20Holdings%20PA%20146%20Tax%20Abatement.pdf"
"Fiscal Analysis Reports to Council 2013","13-04-23: Emergency Manager Appropriation","https://www.detroitmi.gov/sites/detroitmi.localhost/files/migrated_docs/fiscal-analysis-reports/2013/Emergency%20Manager%20Appropriation.pdf"
"Fiscal Analysis Reports to Council 2013","13-04-17: Gaming Tax Revenue through March 2013","https://www.detroitmi.gov/sites/detroitmi.localhost/files/migrated_docs/fiscal-analysis-reports/2013/Report%20on%20Gaming%20Tax%20Revenue%20through%20March%202013.pdf"
"Fiscal Analysis Reports to Council 2013","13-04-04: Gaming Tax Revenue through February 2013","https://www.detroitmi.gov/sites/detroitmi.localhost/files/migrated_docs/fiscal-analysis-reports/2013/Report%20on%20Gaming%20Tax%20Revenue%20through%20February%202013.pdf"
"Fiscal Analysis Reports to Council 2013","13-03-15: Gaming Tax Revenue through January 2013","https://www.detroitmi.gov/sites/detroitmi.localhost/files/migrated_docs/fiscal-analysis-reports/2013/Report%20on%20Gaming%20Tax%20Revenue%20through%20January%202013.pdf"
"Fiscal Analysis Reports to Council 2013","13-03-13: Gaming Tax Revenue through December 2012","https://www.detroitmi.gov/sites/detroitmi.localhost/files/migrated_docs/fiscal-analysis-reports/2013/Report%20on%20Gaming%20Tax%20Revenue%20through%20December%202012.pdf"
"Fiscal Analysis Reports to Council 2013","13-02-20: Amerco Real Estate LLC","https://www.detroitmi.gov/sites/detroitmi.localhost/files/migrated_docs/fiscal-analysis-reports/2013/Amerco%20PA%20210%20Tax%20Abatement.pdf"
"Fiscal Analysis Reports to Council 2013",""13-02-15: General Fund Appro as of Dec. 31"," 2012"","https://www.detroitmi.gov/sites/detroitmi.localhost/files/migrated_docs/fiscal-analysis-reports/2013/Status%20of%20Gen%20Fund%20Appro%20as%20of%2012-31-12.pdf"
"Fiscal Analysis Reports to Council 2013","13-02-01 Review of the Proposed Capital Agenda","https://www.detroitmi.gov/sites/detroitmi.localhost/files/migrated_docs/fiscal-analysis-reports/2013/2013%20Five%20Year%20Capital%20Agenda.pdf"
"Fiscal Analysis Reports to Council 2013","13-01-24: Public Lighting Authority Legislation Rpt. Update","https://www.detroitmi.gov/sites/detroitmi.localhost/files/migrated_docs/fiscal-analysis-reports/2013/Public%20Lighting%20Authority%20Update%202013_01.pdf"
"Fiscal Analysis Reports to Council 2013","13-01-07: Plan to Address City's Current Cash Flow Crisis","https://www.detroitmi.gov/sites/detroitmi.localhost/files/migrated_docs/fiscal-analysis-reports/2013/Joint%20Mayor%20City%20Council%20Plan%20to%20Address%20Cash%20Flow.pdf"
"Fiscal Analysis Reports to Council 2012","12-12-17: Gaming Tax Revenue through November 2012","https://www.detroitmi.gov/sites/detroitmi.localhost/files/migrated_docs/fiscal-analysis-reports/2012/Report%20on%20Gaming%20Tax%20Revenue%20through%20November%202012.pdf"
"Fiscal Analysis Reports to Council 2012","12-12-14: Gaming Tax Revenue through October 2012","https://www.detroitmi.gov/sites/detroitmi.localhost/files/migrated_docs/fiscal-analysis-reports/2012/Report%20on%20Gaming%20Tax%20Revenue%20through%20October%202012.pdf"
"Fiscal Analysis Reports to Council 2012","12-12-04: Budget Amendment $28 Pension Shortfall","https://www.detroitmi.gov/sites/detroitmi.localhost/files/migrated_docs/fiscal-analysis-reports/2012/Budget%20Amendment%202011-12%20$28M%20Pension%20Shortfall.pdf"
"Fiscal Analysis Reports to Council 2012",""12-11-14: Detroit Burgers"," Inc PA 255 Tax Abatement"",""https://www.detroitmi.gov/sites/detroitmi.localhost/files/migrated_docs/fiscal-analysis-reports/2012/Detroit%20Burgers","%20Inc.%20PA%20255%20Tax%20Abatement.pdf""
"Fiscal Analysis Reports to Council 2012","12-11-02: City Gift Policy","https://www.detroitmi.gov/sites/detroitmi.localhost/files/migrated_docs/fiscal-analysis-reports/2013/City%20Gift%20Policy.pdf"
"Fiscal Analysis Reports to Council 2012","12-10-30: Gaming Tax Revenue through September 2012","https://www.detroitmi.gov/sites/detroitmi.localhost/files/migrated_docs/fiscal-analysis-reports/2012/Report%20on%20Gaming%20Tax%20Revenue%20through%20September%202012.pdf"
"Fiscal Analysis Reports to Council 2012","12-10-17: Human Services Contracts #2849828 & #2849834","https://www.detroitmi.gov/sites/detroitmi.localhost/files/migrated_docs/fiscal-analysis-reports/2012/Human%20Services%20Contracts%202849828%20and%202849834.pdf"
"Fiscal Analysis Reports to Council 2012","12-10-17: Detroit Manufacturing Systems PA 198 & 328 Tax Abatement","https://www.detroitmi.gov/sites/detroitmi.localhost/files/migrated_docs/fiscal-analysis-reports/2012/Woodward%20SA-PK%20LLC%204-26-12.pdf"
"Fiscal Analysis Reports to Council 2012","12-10-15: State Senate Bill 1301 Amendment to Port Authority Act","https://www.detroitmi.gov/sites/detroitmi.localhost/files/migrated_docs/fiscal-analysis-reports/2012/Port%20Authority%20Legislation%2010_2012.pdf"
"Fiscal Analysis Reports to Council 2012","12-10-11: Milton Manufacturing PA 198 Amendment Update","https://www.detroitmi.gov/sites/detroitmi.localhost/files/migrated_docs/fiscal-analysis-reports/2012/Milton%20Manufacturing%20PA%20198%20Amendment.pdf"
"Fiscal Analysis Reports to Council 2012","12-10-10: Sherbrooke Land Development PA 146 Tax Abatement","https://www.detroitmi.gov/sites/detroitmi.localhost/files/migrated_docs/fiscal-analysis-reports/2012/Sherbrooke%20Land%20Development%20PA%20146%20Tax%20Abatement.pdf"
"Fiscal Analysis Reports to Council 2012","12-10-10: Chrysler PA 198 Tax Abatement","https://www.detroitmi.gov/sites/detroitmi.localhost/files/migrated_docs/fiscal-analysis-reports/2012/Chrysler%20PA%20198%20Tax%20Abatement.pdf"
"Fiscal Analysis Reports to Council 2012","12-10-09: Report on Gaming Tax Revenue through August 2012","https://www.detroitmi.gov/sites/detroitmi.localhost/files/migrated_docs/fiscal-analysis-reports/2012/Report%20on%20Gaming%20Tax%20Revenue%20Through%20August%202012.pdf"
"Fiscal Analysis Reports to Council 2012","12-10-01: DIB Land PA 146 Tax Abatement","https://www.detroitmi.gov/sites/detroitmi.localhost/files/migrated_docs/fiscal-analysis-reports/2012/DIB%20Land%20PA%20146%20Tax%20Abatement.pdf"
"Fiscal Analysis Reports to Council 2012","12-09-26: Whitney Partner's PA 146 Tax Abatement","https://www.detroitmi.gov/sites/detroitmi.localhost/files/migrated_docs/fiscal-analysis-reports/2012/Whitney%20Partners%20PA%20146%20Tax%20Abatement.pdf"
"Fiscal Analysis Reports to Council 2012","12-09-20: Report on Gaming Tax Revenue through July 2012","https://www.detroitmi.gov/sites/detroitmi.localhost/files/migrated_docs/fiscal-analysis-reports/2012/Report%20on%20Gaming%20Tax%20Revenue%20Through%20July%202012.pdf"
"Fiscal Analysis Reports to Council 2012","12-09-19: Avalon International PA 198 Tax Abatement","https://www.detroitmi.gov/sites/detroitmi.localhost/files/migrated_docs/fiscal-analysis-reports/2012/Avalon%20International%20PA%20198%20Tax%20AbatementCC.pdf"
"Fiscal Analysis Reports to Council 2012","12-09-19: Anew Life Properties PA 198 Tax Abatemen","https://www.detroitmi.gov/sites/detroitmi.localhost/files/migrated_docs/fiscal-analysis-reports/2012/Anew%20Life%20Properties%20PA%20146%20Tax%20Abatement.pdf"
"Fiscal Analysis Reports to Council 2012","t","https://www.detroitmi.gov/sites/detroitmi.localhost/files/migrated_docs/fiscal-analysis-reports/2012/Anew%20Life%20Properties%20PA%20146%20Tax%20Abatement.pdf"
"Fiscal Analysis Reports to Council 2012","12-09-19 Eastern Market Corp Management & Operating Agreement","https://www.detroitmi.gov/sites/detroitmi.localhost/files/migrated_docs/fiscal-analysis-reports/2012/Eastern%20Market%20Corp%20Management%20Agreement.pdf"
"Fiscal Analysis Reports to Council 2012","12-09-17: Proposed Belle Isle Lease Agreement Between the City & the State","https://www.detroitmi.gov/sites/detroitmi.localhost/files/migrated_docs/fiscal-analysis-reports/2012/Proposed%20Belle%20Isle%20Lease%20Agreement%20with%20the%20State.pdf"
"Fiscal Analysis Reports to Council 2012","12-08-01: Gaming Tax Revenue Through June 2012","https://www.detroitmi.gov/sites/detroitmi.localhost/files/migrated_docs/fiscal-analysis-reports/2012/Report%20on%20Gaming%20Tax%20Revenue%20Through%20June%202012.pdf"
"Fiscal Analysis Reports to Council 2012","12-07-30: Funding for DWDD's Summer Youth Employment 2012 UPDATE","https://www.detroitmi.gov/sites/detroitmi.localhost/files/migrated_docs/fiscal-analysis-reports/2012/Funding%20for%20DWDD's%20Summer%20Youth%20Employment%20UPDAT.pdf"
"Fiscal Analysis Reports to Council 2012","12-07-18: Dearborn Mid-West Conveyer PA 198 Tax Abatement","https://www.detroitmi.gov/sites/detroitmi.localhost/files/migrated_docs/fiscal-analysis-reports/2012/Dearborn%20Mid-West%20Conveyer%20PA%20198%20Abatement.pdf"
"Fiscal Analysis Reports to Council 2012","12-07-11: Quicken Loans' PA 328 Tax Abatement","https://www.detroitmi.gov/sites/detroitmi.localhost/files/migrated_docs/fiscal-analysis-reports/2012/Quicken%20Loans'%20PA%20328%20Abatement%20Request.pdf"
"Fiscal Analysis Reports to Council 2012",""12-06-26: Proposed Gaming Expansion in Det & Mi ""Michigan is Yours"""","https://www.detroitmi.gov/sites/detroitmi.localhost/files/migrated_docs/fiscal-analysis-reports/2012/Proposed%20Gaming%20Expansion%20in%20Det%20and%20MI%20MI%20is%20Yours.pdf"
"Fiscal Analysis Reports to Council 2012",""12-06-26: Proposed Gaming Expansion in Det & Mi ""Citizens for Mi Jobs"""","https://www.detroitmi.gov/sites/detroitmi.localhost/files/migrated_docs/fiscal-analysis-reports/2012/Proposed%20Gaming%20Expansion%20in%20Detroit%20and%20Michigan%20Citizens%20for%20More%20Jobs.pdf"
"Fiscal Analysis Reports to Council 2012","12-06-14: Gaming Tax Revenue Through May 2012","https://www.detroitmi.gov/sites/detroitmi.localhost/files/migrated_docs/fiscal-analysis-reports/2012/Report%20on%20Gaming%20Tax%20Revenue%20through%20May%202012.pdf"
"Fiscal Analysis Reports to Council 2012","12-06-06: Fort Shelby Hotel LLC Application to Amend","https://www.detroitmi.gov/sites/detroitmi.localhost/files/migrated_docs/fiscal-analysis-reports/2012/Fort%20Shelby%20Hotel%20LLC%20Ap%20to%20Amend%206-6-12.pdf"
"Fiscal Analysis Reports to Council 2012","12-05-24: Schedule B and Itemization of Council Changes","https://www.detroitmi.gov/sites/detroitmi.localhost/files/migrated_docs/fiscal-analysis-reports/2012/Schedule%20B%20and%20Itemization%205-24-2012.pdf"
"Fiscal Analysis Reports to Council 2012","12-05-22: Gaming Tax Revenue through April 2012","https://www.detroitmi.gov/sites/detroitmi.localhost/files/migrated_docs/fiscal-analysis-reports/2012/Report%20on%20Gaming%20Tax%20Revenue%20through%20April%202012.pdf"
"Fiscal Analysis Reports to Council 2012","12-05-16: Union Rec to Council to Address Fiscal Crisis","https://www.detroitmi.gov/sites/detroitmi.localhost/files/migrated_docs/fiscal-analysis-reports/2012/Union%20Recommendations%20to%20Address%20Fiscal%20Crisis.pdf"
"Fiscal Analysis Reports to Council 2012","12-05-08: Prelim. Rev. 2012-13 Mayor's Proposed Budget","https://www.detroitmi.gov/sites/detroitmi.localhost/files/migrated_docs/fiscal-analysis-reports/2012/Preliminary%20Review%20of%20the%202012-13%20Mayor's%20Budget.pdf"
"Fiscal Analysis Reports to Council 2012","12-05-07: Budget Dept Qtrly Fin Rpt per end 12/31/11 Pt 2","https://www.detroitmi.gov/sites/detroitmi.localhost/files/migrated_docs/fiscal-analysis-reports/2012/Pt%202%20of%20Budget%20Dept.%20Qtrly%20Fin%20Rpt%20for%20per%20ending%2012-31-11.pdf"
"Fiscal Analysis Reports to Council 2012","12-05-07: Budget Dept Qtrly Fin Rpt per end 12/31/11 Pt 1","https://www.detroitmi.gov/sites/detroitmi.localhost/files/migrated_docs/fiscal-analysis-reports/2012/Pt%201%20of%20Budget%20Dept.%20Qtrly%20Fin%20Rpt%20for%20per%20ending%2012-31-11.pdf"
"Fiscal Analysis Reports to Council 2012","12-05-01: Fiscal Analysis Div. Proposed 2012-13 Budget","https://www.detroitmi.gov/sites/detroitmi.localhost/files/migrated_docs/fiscal-analysis-reports/2012/Fiscal%20Analysis%20Proposed%202012-13%20Budget.pdf"
"Fiscal Analysis Reports to Council 2012","12-04-30: Revenue Consensus for 2012-13 Gen Fund Rev","https://www.detroitmi.gov/sites/detroitmi.localhost/files/migrated_docs/fiscal-analysis-reports/2012/Revenue%20Consensus%20for%202012-13%20General%20Fund%20Revenues.pdf"
"Fiscal Analysis Reports to Council 2012","12-04-26: Woodward SA-PK LLC PA 146 of 2000","https://www.detroitmi.gov/sites/detroitmi.localhost/files/migrated_docs/fiscal-analysis-reports/2012/Woodward%20SA-PK%20LLC%204-26-12.pdf"
"Fiscal Analysis Reports to Council 2012",""12-04-23: Overtime Reports through March 31"," 2012"","https://www.detroitmi.gov/sites/detroitmi.localhost/files/migrated_docs/fiscal-analysis-reports/2012/Overtime%20Report%20through%20March%2031%202012.pdf"
"Fiscal Analysis Reports to Council 2012","12-04-20: Gaming Tax Revenue through March 2012","https://www.detroitmi.gov/sites/detroitmi.localhost/files/migrated_docs/fiscal-analysis-reports/2012/Report%20on%20Gaming%20Tax%20Revenue%20through%20March%202012.pdf"
"Fiscal Analysis Reports to Council 2012","12-04-09: Gateway Commercial Project Authorization","https://www.detroitmi.gov/sites/detroitmi.localhost/files/migrated_docs/fiscal-analysis-reports/2012/Gateway%20Commercial%20Proj%20Authorization%204-9-12.pdf"
"Fiscal Analysis Reports to Council 2012","12-04-03: Gaming Tax Revenue through February 2012","https://www.detroitmi.gov/sites/detroitmi.localhost/files/migrated_docs/fiscal-analysis-reports/2012/Gaming%20Tax%20Revenue%20through%20February%202012.pdf"
"Fiscal Analysis Reports to Council 2012",""12-03-29: Woodward SA-ZK"," LLC PA 210 of 2005"",""https://www.detroitmi.gov/sites/detroitmi.localhost/files/migrated_docs/fiscal-analysis-reports/2012/Woodward%20SA-ZK","%20LLC%20PA%20210%20of%202005%203-29-12.pdf""
"Fiscal Analysis Reports to Council 2012","12-03-19: Review DFFA Tentative Agreement","https://www.detroitmi.gov/sites/detroitmi.localhost/files/migrated_docs/fiscal-analysis-reports/2012/DFFA%20Tentative%20Agreement%20Review_2.pdf"
"Fiscal Analysis Reports to Council 2012","12-03-07: Reductions to Council's 2011-12 Budget","https://www.detroitmi.gov/sites/detroitmi.localhost/files/migrated_docs/fiscal-analysis-reports/2012/Reductions%20to%20Councils%2011-12%20Budget.pdf"
"Fiscal Analysis Reports to Council 2012","12-02-29: Gaming Tax Revenue through January 2012","https://www.detroitmi.gov/sites/detroitmi.localhost/files/migrated_docs/fiscal-analysis-reports/2012/Report%20on%20Gaming%20Tax%20Revenue%20Through%20January%202012.pdf"
"Fiscal Analysis Reports to Council 2012","12-02-21: Review of the 2011 CAFR for the City of Detroit","https://www.detroitmi.gov/sites/detroitmi.localhost/files/migrated_docs/fiscal-analysis-reports/2012/Review%20of%20the%202011%20CAFR%20for%20the%20City%20of%20Detroit.pdf"
"Fiscal Analysis Reports to Council 2012","12-02-20: Review of Tentative Bargaining Agreements","https://www.detroitmi.gov/sites/detroitmi.localhost/files/migrated_docs/fiscal-analysis-reports/2012/Review%20of%20Tentative%20Bargaining%20Agreements.pdf"
"Fiscal Analysis Reports to Council 2012","12-02-08: Update on 2011-12 Pension Funding Question","https://www.detroitmi.gov/sites/detroitmi.localhost/files/migrated_docs/fiscal-analysis-reports/2012/Update%20on%202011-12%20Budget%20Pension%20Funding%20Question%20Problem.pdf"
"Fiscal Analysis Reports to Council 2012","12-02-08: Qtly Fin.l Rpt. for Period Ending 9-30-11","https://www.detroitmi.gov/sites/detroitmi.localhost/files/migrated_docs/fiscal-analysis-reports/2012/Pt%201%20of%20Budget%20Dept.%20Qtrly%20Fin%20Rpt%20for%20per%20ending%2012-31-11.pdf"
"Fiscal Analysis Reports to Council 2012",""12-02-08: 5716 Partners"," LLC"," PA 210 of 2005"",""https://www.detroitmi.gov/sites/detroitmi.localhost/files/migrated_docs/fiscal-analysis-reports/2012/5716%20Partners","%20LLC%20PA%20210%20of%202005.pdf""
"Fiscal Analysis Reports to Council 2012","12-02-01: Status of MI Allocation of $7.8 B ARRA Allocation","https://www.detroitmi.gov/sites/detroitmi.localhost/files/migrated_docs/fiscal-analysis-reports/2012/City%20of%20Detroit%20Head%20Start.pdf"
"Fiscal Analysis Reports to Council 2012","12-02-01: Detroit Head Start response to Finance","https://www.detroitmi.gov/sites/detroitmi.localhost/files/migrated_docs/fiscal-analysis-reports/2012/Detroit%20Head%20Start%20response%20from%20Finance%202-1-12.pdf"
"Fiscal Analysis Reports to Council 2012","12-01-26: City of Detroit Head Start","https://www.detroitmi.gov/sites/detroitmi.localhost/files/migrated_docs/fiscal-analysis-reports/2012/City%20of%20Detroit%20Head%20Start.pdf"
"Fiscal Analysis Reports to Council 2012","12-01-25: Power Panel PA 328 Tax Abatement","https://www.detroitmi.gov/sites/detroitmi.localhost/files/migrated_docs/fiscal-analysis-reports/2012/Power%20Panel%20PA%20328%20Tax%20Abatement.pdf"
"Fiscal Analysis Reports to Council 2012","12-01-20: Gaming Tax Revenue through December 2011","https://www.detroitmi.gov/sites/detroitmi.localhost/files/migrated_docs/fiscal-analysis-reports/2012/Report%20on%20Gaming%20Tax%20Revenue%20through%20December%202011.pdf"
"Fiscal Analysis Reports to Council 2011","11-11-21: Proposed Pension Ordinance Amend. DGRS","https://www.detroitmi.gov/sites/detroitmi.localhost/files/migrated_docs/fiscal-analysis-reports/2011/Proposed%20Pension%20Ordinance%20Amendment%20-%20GRS%2011-21-11.pdf"
"Fiscal Analysis Reports to Council 2011","11-11-21: Plan to Address Cash Crisis & Structural Deficit","https://www.detroitmi.gov/sites/detroitmi.localhost/files/migrated_docs/fiscal-analysis-reports/2011/Plan%20to%20Address%20Cash%20Crisis%20and%20Structural%20Deficit.pdf"
"Fiscal Analysis Reports to Council 2011","11-11-21: 2011-12 Budget Presentation as Amended","https://www.detroitmi.gov/sites/detroitmi.localhost/files/migrated_docs/fiscal-analysis-reports/2011/2011-2012%20Budget%20Presentation%20as%20Amended%2011-21-11.pdf"
"Fiscal Analysis Reports to Council 2011","11-11-17: American Axle & Manufacturing Application","https://www.detroitmi.gov/sites/detroitmi.localhost/files/migrated_docs/fiscal-analysis-reports/2011/American%20Axle%20Renaissance%20Zone%20Extension%2011-17-11.pdf"
"Fiscal Analysis Reports to Council 2011","11-10-26: Madison Theatre Bldg LLC","https://www.detroitmi.gov/sites/detroitmi.localhost/files/migrated_docs/fiscal-analysis-reports/2011/Madison%20Theater%20Building%20LLC%2010-26-11.pdf"
"Fiscal Analysis Reports to Council 2011","11-10-26: Euclid Manufacturing LLC","https://www.detroitmi.gov/sites/detroitmi.localhost/files/migrated_docs/fiscal-analysis-reports/2011/Euclid%20Manufacturing%20LLC%2010-26-11.pdf"
"Fiscal Analysis Reports to Council 2011","11-10-25: Gaming Tax Revenue through Sept 2011","https://www.detroitmi.gov/sites/detroitmi.localhost/files/migrated_docs/fiscal-analysis-reports/2011/Report%20on%20Gaming%20Tax%20Revenue%20through%20Sept%202011.pdf"
"Fiscal Analysis Reports to Council 2011","11-10-21: Quicken Loans Inc PA 328 of 1998",""https://www.detroitmi.gov/sites/detroitmi.localhost/files/migrated_docs/fiscal-analysis-reports/2011/Quicken%20Loans","%20Inc%2010-21-11.pdf""
"Fiscal Analysis Reports to Council 2011",""11-10-19: NSO Bell Commercial Building"," LLC"","https://www.detroitmi.gov/sites/detroitmi.localhost/files/migrated_docs/fiscal-analysis-reports/2011/NSO%20Bell%20Commercial%20Building%2010-19-11.pdf"
"Fiscal Analysis Reports to Council 2011",""11-10-19: GDRRA's ""Due to the City of Detroit"" Payable"","https://www.detroitmi.gov/sites/detroitmi.localhost/files/migrated_docs/fiscal-analysis-reports/2011/GDRRA%20Due%20to%20Detroit%20Payable%20Issue%2010-19-11.pdf"
"Fiscal Analysis Reports to Council 2011","11-10-19: Eastern Market Tailgating MPD Response","https://www.detroitmi.gov/sites/detroitmi.localhost/files/migrated_docs/fiscal-analysis-reports/2011/Eastern%20Market%20Tailgating%20MPD%20Response%2010-19-11.pdf"
"Fiscal Analysis Reports to Council 2011","11-10-17: Analysis of H Clark's Detroit Jobs Trust Fund","https://www.detroitmi.gov/sites/detroitmi.localhost/files/migrated_docs/fiscal-analysis-reports/2011/H%20Clarke%20Detroit%20Jobs%20Trust%20Fund%2010-17-11.pdf"
"Fiscal Analysis Reports to Council 2011",""11-10-12: Griswold Holdings"," LLC PA 146 of 200"","https://www.detroitmi.gov/sites/detroitmi.localhost/files/migrated_docs/fiscal-analysis-reports/2011/Griswold%20Holdings%20LLC%2010-12-11.pdf"
"Fiscal Analysis Reports to Council 2011","11-10-12: Eastern Market Tailgating","https://www.detroitmi.gov/sites/detroitmi.localhost/files/migrated_docs/fiscal-analysis-reports/2011/Eastern%20Market%20Tailgating.pdf"
"Fiscal Analysis Reports to Council 2011",""11-10-12: Brentwood Detroit"," LLC PA 146 of 200"","https://www.detroitmi.gov/sites/detroitmi.localhost/files/migrated_docs/fiscal-analysis-reports/2011/Brentwood%20Detroit%20LLC%2010-12-11.pdf"
"Fiscal Analysis Reports to Council 2011","11-10-11: FY 2010-11 OT Expenditures & Employee Counts","https://www.detroitmi.gov/sites/detroitmi.localhost/files/migrated_docs/fiscal-analysis-reports/2011/FY%202010-11%20OT%20Expenditures%20and%20Employee%20Counts.pdf"
"Fiscal Analysis Reports to Council 2011",""11-10-11: Elevator RDR"," LLC"," MI PA 210 Abatement"","https://www.detroitmi.gov/sites/detroitmi.localhost/files/migrated_docs/fiscal-analysis-reports/2011/Elevator%20RDR%20LLC%2010-11-11.pdf"
"Fiscal Analysis Reports to Council 2011","11-10-06: Budget Dept Qtrly Fin Rept for Period End 6-30-11","https://www.detroitmi.gov/sites/detroitmi.localhost/files/migrated_docs/fiscal-analysis-reports/2011/Budget%20Dept%20Qtrly%20Fin%20Rpt%20for%20Period%20Ending%206-30-11.pdf"
"Fiscal Analysis Reports to Council 2011","11-10-05: DRSN Real Estate LLC PA 146 of 2000","https://www.detroitmi.gov/sites/detroitmi.localhost/files/migrated_docs/fiscal-analysis-reports/2011/DRSN%20Real%20Estate%20LLC%2010-5-11.pdf"
"Fiscal Analysis Reports to Council 2011","11-09-30: Fiscal Impact of Suspending BRF Days for DDOT","https://www.detroitmi.gov/sites/detroitmi.localhost/files/migrated_docs/fiscal-analysis-reports/2011/Impact%20of%20BRF%20Days%20for%20DDOT%209-30-11.pdf"
"Fiscal Analysis Reports to Council 2011",""11-09-28: URBCAMCOM/WSU 1"," LLC MI PA 210"","https://www.detroitmi.gov/sites/detroitmi.localhost/files/migrated_docs/fiscal-analysis-reports/2011/URBCAMCOM-WSU%201%20LLC%209-28-11.pdf"
"Fiscal Analysis Reports to Council 2011","11-09-28: Uncle Ray's LLC MI Public Act 198 Abatement","https://www.detroitmi.gov/sites/detroitmi.localhost/files/migrated_docs/fiscal-analysis-reports/2011/Uncle%20Ray's%20LLC%209-28-11.pdf"
"Fiscal Analysis Reports to Council 2011","11-09-28: Budget Required Furlough vs OT Analysis","https://www.detroitmi.gov/sites/detroitmi.localhost/files/migrated_docs/fiscal-analysis-reports/2011/Budget%20Required%20Furlough%20vs%20Overtime%20Analysis.pdf"
"Fiscal Analysis Reports to Council 2011","11-09-16: Gaming Tax Revenue through August 2011","https://www.detroitmi.gov/sites/detroitmi.localhost/files/migrated_docs/fiscal-analysis-reports/2011/Report%20on%20Gaming%20Tax%20Revenue%20through%20August%202011.pdf"
"Fiscal Analysis Reports to Council 2011","11-09-07: Parking Meters","https://www.detroitmi.gov/sites/detroitmi.localhost/files/migrated_docs/fiscal-analysis-reports/2011/Parking%20Meters%209-7-11.pdf"
"Fiscal Analysis Reports to Council 2010","10-05-14: Revised Budget Calendar","https://www.detroitmi.gov/sites/detroitmi.localhost/files/migrated_docs/fiscal-analysis-reports/2010/Revised%20Budget%20Calendar%202010-11.pdf"
"Fiscal Analysis Reports to Council 2011","11-08-19: Gaming Tax Revenue through July 2011","https://www.detroitmi.gov/sites/detroitmi.localhost/files/migrated_docs/fiscal-analysis-reports/2011/Report%20on%20Gaming%20Tax%20Revenue%20through%20July%202011.pdf"
"Fiscal Analysis Reports to Council 2011","11-08-16: Gaming Tax Revenue through June 2011","https://www.detroitmi.gov/sites/detroitmi.localhost/files/migrated_docs/fiscal-analysis-reports/2011/Report%20on%20Gaming%20Tax%20Revenue%20through%20June%202011.pdf"
"Fiscal Analysis Reports to Council 2011","11-07-26: Reso Auth Deficit Elimination Plan(s)","https://www.detroitmi.gov/sites/detroitmi.localhost/files/migrated_docs/fiscal-analysis-reports/2011/Review%20of%20DEP%20Employee%20Benefits.pdf"
"Fiscal Analysis Reports to Council 2011","11-07-20: Review of Deficit Elim. Plan Employee Benefits","https://www.detroitmi.gov/sites/detroitmi.localhost/files/migrated_docs/fiscal-analysis-reports/2011/Review%20of%20DEP%20Employee%20Benefits.pdf"
"Fiscal Analysis Reports to Council 2011","11-07-20: 2011-12 Adopted Budget Pension Funding","https://www.detroitmi.gov/sites/detroitmi.localhost/files/migrated_docs/fiscal-analysis-reports/2011/2011-12%20Potential%20Pension%20Funding%20Problem.pdf"
"Fiscal Analysis Reports to Council 2011","11-07-14: $500m Sewage Disposal System Capital Projects","https://www.detroitmi.gov/sites/detroitmi.localhost/files/migrated_docs/fiscal-analysis-reports/2011/$500m%20Sewage%20Disposal%20System%20Capital%20Proj%207-14-11.pdf"
"Fiscal Analysis Reports to Council 2011","11-07-13: Cash Flow Statement Review","https://www.detroitmi.gov/sites/detroitmi.localhost/files/migrated_docs/fiscal-analysis-reports/2011/Cash%20Flow%20Statement%20Review%207-13-11.pdf"
"Fiscal Analysis Reports to Council 2011","11-06-17: Gaming Tax Revenue through May 2011","https://www.detroitmi.gov/sites/detroitmi.localhost/files/migrated_docs/fiscal-analysis-reports/2011/Report%20on%20Gaming%20Tax%20Revenue%20through%20May%202011.pdf"
"Fiscal Analysis Reports to Council 2011","11-05-17: Campaign Supplemental Assistance","https://www.detroitmi.gov/sites/detroitmi.localhost/files/migrated_docs/fiscal-analysis-reports/2011/Campaign%20Supplemental%20Assistance.pdf"
"Fiscal Analysis Reports to Council 2011","11-05-16: Report on Gaming Tax through April 2011","https://www.detroitmi.gov/sites/detroitmi.localhost/files/migrated_docs/fiscal-analysis-reports/2011/Report%20on%20Gaming%20Tax%20Revenue%20through%20April%202011.pdf"
"Fiscal Analysis Reports to Council 2011","11-05-10: Report on Gaming Tax through March 2011","https://www.detroitmi.gov/sites/detroitmi.localhost/files/migrated_docs/fiscal-analysis-reports/2011/Report%20on%20Gaming%20Tax%20Revenue%20through%20March%202011.pdf"
"Fiscal Analysis Reports to Council 2011","11-05-10: FIscal Analysis Divi. Prop. 2011 -2012 Budget","https://www.detroitmi.gov/sites/detroitmi.localhost/files/migrated_docs/fiscal-analysis-reports/2011/FADBudget11-12.pdf"
"Fiscal Analysis Reports to Council 2011","11-04-27: Restructing of Council's 2011-12 Budget Process","https://www.detroitmi.gov/sites/detroitmi.localhost/files/migrated_docs/fiscal-analysis-reports/2011/Revamping%20of%2011-12%20Budget%20Process.pdf"
"Fiscal Analysis Reports to Council 2011","11-04-11: Woodward Light Rail Project","https://www.detroitmi.gov/sites/detroitmi.localhost/files/migrated_docs/fiscal-analysis-reports/2011/Woodward%20Light%20Rail%20Project%204-11-2011.pdf"
"Fiscal Analysis Reports to Council 2011","11-04-06: MI Laws that relate to the City's Population","https://www.detroitmi.gov/sites/detroitmi.localhost/files/migrated_docs/fiscal-analysis-reports/2011/Michigan%20Laws%20and%20the%20City's%20Population%204-7-11.pdf"
"Fiscal Analysis Reports to Council 2011","11-04-04: Bud Dept Qtrly Fin Rept for period end 12-31-10","https://www.detroitmi.gov/sites/detroitmi.localhost/files/migrated_docs/fiscal-analysis-reports/2011/Budget%20Dept%20Qtrly%20Fin%20Report%20for%20period%20end%2012-31-10.pdf"
"Fiscal Analysis Reports to Council 2011","11-03-29: Reso $400m Water System Revenue Bonds","https://www.detroitmi.gov/sites/detroitmi.localhost/files/migrated_docs/fiscal-analysis-reports/2011/Reso%20for%20Water%20Bond%20Sale%20$400m%203-29-11.pdf"
"Fiscal Analysis Reports to Council 2011","11-03-29: Gaming Tax Revenue through February 2011","https://www.detroitmi.gov/sites/detroitmi.localhost/files/migrated_docs/fiscal-analysis-reports/2011/Report%20on%20Gaming%20Tax%20Revenue%20through%20February%202011.pdf"
"Fiscal Analysis Reports to Council 2011","11-03-10: Gaming Tax Revenue through January 2011","https://www.detroitmi.gov/sites/detroitmi.localhost/files/migrated_docs/fiscal-analysis-reports/2011/Report%20on%20Gaming%20Tax%20Revenue%20through%20January%202011.pdf"
"Fiscal Analysis Reports to Council 2011","11-02-24: Proposed purchase of 3500 Conner Street","https://www.detroitmi.gov/sites/detroitmi.localhost/files/migrated_docs/fiscal-analysis-reports/2011/Proposed%205th%20Precinct%20Station%203500%20Conner.pdf"
"Fiscal Analysis Reports to Council 2011","11-02-17: Gov Snyder's Proposed Cuts in Revenue Sharing","https://www.detroitmi.gov/sites/detroitmi.localhost/files/migrated_docs/fiscal-analysis-reports/2011/Proposed%20State%20Revenue%20Cuts%202012.pdf"
"Fiscal Analysis Reports to Council 2011","11-02-15: Budget Dept Qtrly Fin Rpt. for period end 9-30-10","https://www.detroitmi.gov/sites/detroitmi.localhost/files/migrated_docs/fiscal-analysis-reports/2011/Budget%20Dept%20Qtrly%20Fin%20Report%20for%20Period%209-30-10.pdf"
"Fiscal Analysis Reports to Council 2011","11-02-03: 2010 Comprehensive Annual Financial Report","https://www.detroitmi.gov/sites/detroitmi.localhost/files/migrated_docs/fiscal-analysis-reports/2011/CAFR%20Discussion%202-3-11.pdf"
"Fiscal Analysis Reports to Council 2011",""11-01-25: Piston Automotive"," LLC"","https://www.detroitmi.gov/sites/detroitmi.localhost/files/migrated_docs/fiscal-analysis-reports/2011/Piston%20Automotive%20LLC%201-25-11.pdf"
"Fiscal Analysis Reports to Council 2011","1-01-14: Budget Required Furlough Calendar","https://www.detroitmi.gov/sites/detroitmi.localhost/files/migrated_docs/fiscal-analysis-reports/2011/Budget%20Required%20Furlough%20Calendar%201-14-11.pdf"
"Fiscal Analysis Reports to Council 2011","11-01-01: Gaming Tax Revenue through December 2010","https://www.detroitmi.gov/sites/detroitmi.localhost/files/migrated_docs/fiscal-analysis-reports/2011/Report%20on%20Gaming%20Tax%20Revenue%20through%20Dec%202010.pdf"
"Fiscal Analysis Reports to Council 2010","10-12-17: Cash Flow Review","https://www.detroitmi.gov/sites/detroitmi.localhost/files/migrated_docs/fiscal-analysis-reports/2010/Cash%20Flow%20Review%2012-17-10.pdf"
"Fiscal Analysis Reports to Council 2010","10-12-11: Review of Prop Capital Agenda 11-12 thru 15-16","https://www.detroitmi.gov/sites/detroitmi.localhost/files/migrated_docs/fiscal-analysis-reports/2010/Review%20of%20Prop%20Capital%20Agenda%2011-12%20thru%2015-16.pdf"
"Fiscal Analysis Reports to Council 2010","10-11-22: Additional Suggestions for Charter Review Revised","https://www.detroitmi.gov/sites/detroitmi.localhost/files/migrated_docs/fiscal-analysis-reports/2010/Additional%20Suggestions%20for%20Charter%20Review%20Comm%20Revised.pdf"
"Fiscal Analysis Reports to Council 2010","10-11-20: Gaming Tax Revenue through October","https://www.detroitmi.gov/sites/detroitmi.localhost/files/migrated_docs/fiscal-analysis-reports/2010/Report%20on%20Gaming%20Tax%20Revenue%20through%20October%202010.pdf"
"Fiscal Analysis Reports to Council 2010","10-11-18: Fiscal Review of Selected City Councils","https://www.detroitmi.gov/sites/detroitmi.localhost/files/migrated_docs/fiscal-analysis-reports/2010/Fiscal%20Review%20of%20Selected%20City%20Councils%2011-18-10.pdf"
"Fiscal Analysis Reports to Council 2010","10-11-18: Additional Suggestions for Charter Review Comm.","https://www.detroitmi.gov/sites/detroitmi.localhost/files/migrated_docs/fiscal-analysis-reports/2010/Charter%20Review%20Comm%20Additional%20Suggestions%2011-18-10.pdf"
"Fiscal Analysis Reports to Council 2010","10-11-17: Superintendant & Asst. Superintendent Grounds Maint.","https://www.detroitmi.gov/sites/detroitmi.localhost/files/migrated_docs/fiscal-analysis-reports/2010/Super%20and%20Asst%20Super%20Grounds%20Maint%2011-17-20.pdf"
"Fiscal Analysis Reports to Council 2010","10-11-17: Creation of Position Deputy Director of Purchasing","https://www.detroitmi.gov/sites/detroitmi.localhost/files/migrated_docs/fiscal-analysis-reports/2010/Deputy%20Director%20of%20Purchasing%2011-17-10.pdf"
"Fiscal Analysis Reports to Council 2010",""10-11-17: Classifications of Executive Secretary I"," II and III"","https://www.detroitmi.gov/sites/detroitmi.localhost/files/migrated_docs/fiscal-analysis-reports/2010/Exec%20Secretary%201-2-3%2011-17-10.pdf"
"Fiscal Analysis Reports to Council 2010","10-11-15 Council by Districts","https://www.detroitmi.gov/sites/detroitmi.localhost/files/migrated_docs/fiscal-analysis-reports/2010/Council%20by%20Districts%2011-15-10.pdf"
"Fiscal Analysis Reports to Council 2010","10-11-01: DEMSA Report on the Detroit EMS Operations","https://www.detroitmi.gov/sites/detroitmi.localhost/files/migrated_docs/fiscal-analysis-reports/2010/DEMSA%20Report%20on%20EMS%2011-1-10.pdf"
"Fiscal Analysis Reports to Council 2010","10-10-21: DTE CPO 2819633 to Purchase Electric Power","https://www.detroitmi.gov/sites/detroitmi.localhost/files/migrated_docs/fiscal-analysis-reports/2010/DTE%20CPO%202819633%2010-21-10.pdf"
"Fiscal Analysis Reports to Council 2010","10-10-15: Gaming Tax Revenue through September 2010","https://www.detroitmi.gov/sites/detroitmi.localhost/files/migrated_docs/fiscal-analysis-reports/2010/Report%20on%20Gaming%20Tax%20Revenue%20through%20Sept%202010.pdf"
"Fiscal Analysis Reports to Council 2010","10-10-05: Renaissance Zone Tax Exemption Extension","https://www.detroitmi.gov/sites/detroitmi.localhost/files/migrated_docs/fiscal-analysis-reports/2010/Renaissance%20Zone%20Extension%20Requests%2010-5-10.pdf"
"Fiscal Analysis Reports to Council 2010","10-10-01: History of Actual Costs in EMS","https://www.detroitmi.gov/sites/detroitmi.localhost/files/migrated_docs/fiscal-analysis-reports/2010/History%20of%20Actual%20Costs%20in%20EMS%2010-1-10.pdf"
"Fiscal Analysis Reports to Council 2010","10-09-24: Charter Review Suggestions from Fiscal Analysis","https://www.detroitmi.gov/sites/detroitmi.localhost/files/migrated_docs/fiscal-analysis-reports/2010/Charter%20Review%20Suggestions%209-24-10.pdf"
"Fiscal Analysis Reports to Council 2010","10-09-23: $20 Million Payment for Cobo - Revised","https://www.detroitmi.gov/sites/detroitmi.localhost/files/migrated_docs/fiscal-analysis-reports/2010/$20M%20Payment%20for%20Cobo%20-%20Revised%2092310.pdf"
"Fiscal Analysis Reports to Council 2010","10-09-22: PA 198 & 328 Contract Clawback Provisions","https://www.detroitmi.gov/sites/detroitmi.localhost/files/migrated_docs/fiscal-analysis-reports/2010/Contract%20Clawback%20Provisions%209-22-10.pdf"
"Fiscal Analysis Reports to Council 2010","10-09-17: Gaming Tax Revenue through August 2010","https://www.detroitmi.gov/sites/detroitmi.localhost/files/migrated_docs/fiscal-analysis-reports/2010/Report%20on%20Gaming%20Tax%20Revenue%20through%20August%202010.pdf"
"Fiscal Analysis Reports to Council 2010","10-09-07: Gaming Tax Revenue through July 2010","https://www.detroitmi.gov/sites/detroitmi.localhost/files/migrated_docs/fiscal-analysis-reports/2010/Report%20on%20Gaming%20Tax%20Revenue%20through%20July%202010.pdf"
"Fiscal Analysis Reports to Council 2010","10-09-07: Cash Flow Review","https://www.detroitmi.gov/sites/detroitmi.localhost/files/migrated_docs/fiscal-analysis-reports/2010/Cash%20Flow%20Review%209-7-10.pdf"
"Fiscal Analysis Reports to Council 2010","10-07-30: Pre-employment Military Service Credit","https://www.detroitmi.gov/sites/detroitmi.localhost/files/migrated_docs/fiscal-analysis-reports/2010/Pre-employment%20Miltary%20Service%20Credit%207-30-10.pdf"
"Fiscal Analysis Reports to Council 2010","10-07-23: Huron Clinton Metropark Millage","https://www.detroitmi.gov/sites/detroitmi.localhost/files/migrated_docs/fiscal-analysis-reports/2010/Huron%20Clinton%20Metropark%20Millage%207-23-10.pdf"
"Fiscal Analysis Reports to Council 2010","10-07-22: Gaming Tax Revenue through June 2010","https://www.detroitmi.gov/sites/detroitmi.localhost/files/migrated_docs/fiscal-analysis-reports/2010/Report%20on%20Gaming%20Tax%20Revenue%20through%20June%202010.pdf"
"Fiscal Analysis Reports to Council 2010","10-07-21: Analysis of Admin. Deficit Elimination Plan-Revised","https://www.detroitmi.gov/sites/detroitmi.localhost/files/migrated_docs/fiscal-analysis-reports/2010/Analysis%20of%20Admin%20Deficit%20Reducation%20Plan%20-%207-21-10.pdf"
"Fiscal Analysis Reports to Council 2010","10-07-20: Analysis of the Admin. Deficit Elimination Plan","https://www.detroitmi.gov/sites/detroitmi.localhost/files/migrated_docs/fiscal-analysis-reports/2010/Analysis%20of%20Admin%20Deficit%20Elimination%20Plan%207-20-10.pdf"
"Fiscal Analysis Reports to Council 2010","10-07-14: Revised Memo on MGM Grand Casino Purchase","https://www.detroitmi.gov/sites/detroitmi.localhost/files/migrated_docs/fiscal-analysis-reports/2010/MGM%20Purchase%20of%20Public%20Safety%20Headquarters%207-14-10.pdf"
"Fiscal Analysis Reports to Council 2010","10-07-14: Analysis of Admin. Deficit Elimination Plan-Revised as of 12-31-09","https://www.detroitmi.gov/sites/detroitmi.localhost/files/migrated_docs/fiscal-analysis-reports/2010/Prototype%20Gen%20Fund%20Appro%20Status%20Report%207-14-10.pdf"
"Fiscal Analysis Reports to Council 2010","10-07-14: Amended reso on $100M Distributable State Bonds","https://www.detroitmi.gov/sites/detroitmi.localhost/files/migrated_docs/fiscal-analysis-reports/2010/$100M%20Dist%20State%20Aid%20Second%20Lein%20Bonds%207-14-10.pdf"
"Fiscal Analysis Reports to Council 2010","10-07-09: Using Adopted Budget as the Deficit Elimination Plan","https://www.detroitmi.gov/sites/detroitmi.localhost/files/migrated_docs/fiscal-analysis-reports/2010/Adoptive%20Budget%20as%20the%20Deficity%20Elimination%20Plan.pdf"
"Fiscal Analysis Reports to Council 2010","10-06-17: Gaming Tax Revenue through May 2010","https://www.detroitmi.gov/sites/detroitmi.localhost/files/migrated_docs/fiscal-analysis-reports/2010/Report%20on%20Gaming%20Tax%20Revenue%20through%20May%202010.pdf"
"Fiscal Analysis Reports to Council 2010","10-06-04: Construction for the Ready Road Pumping Station","https://www.detroitmi.gov/sites/detroitmi.localhost/files/migrated_docs/fiscal-analysis-reports/2010/Ready%20Road%20Pumping%20Station%206-4-2010.pdf"
"Fiscal Analysis Reports to Council 2010","10-06-04: Fiscal Analysis Reaction to Mayor Bings Veto Message","https://www.detroitmi.gov/sites/detroitmi.localhost/files/migrated_docs/fiscal-analysis-reports/2010/10-11ReactiontoMayorsVeto.pdf"
"Fiscal Analysis Reports to Council 2010","10-06-03: Reso to Override Mayor's Veto","https://www.detroitmi.gov/sites/detroitmi.localhost/files/migrated_docs/fiscal-analysis-reports/2010/Reso%20to%20Override%20Mayors%20Veto%206-3-2010.pdf"
"Fiscal Analysis Reports to Council 2010","10-06-02: DEGC Detroit Brownfield Plans Report","https://www.detroitmi.gov/sites/detroitmi.localhost/files/migrated_docs/fiscal-analysis-reports/2010/DEGC%20Detroit%20Brownfield%20Plan%20Report%206-2-10.pdf"
"Fiscal Analysis Reports to Council 2010","10-05-24: Tech Corrections to 2010-11 Budget","https://www.detroitmi.gov/sites/detroitmi.localhost/files/migrated_docs/fiscal-analysis-reports/2010/Amended%20Schedule%20B.pdf"
"Fiscal Analysis Reports to Council 2010","10-05-21: Gaming Tax Revenue through April 2010","https://www.detroitmi.gov/sites/detroitmi.localhost/files/migrated_docs/fiscal-analysis-reports/2010/Report%20on%20Gaming%20Tax%20Revenue%20through%20April%202010.pdf"
"Fiscal Analysis Reports to Council 2010","10-05-03: Gaming Tax Revenue through March 2010","https://www.detroitmi.gov/sites/detroitmi.localhost/files/migrated_docs/fiscal-analysis-reports/2010/Report%20on%20Gaming%20Tax%20Revenue%20thru%20March%202010.pdf"
"Fiscal Analysis Reports to Council 2010","10-04-22: Review of 2010-11 Mayor's Recommended Budget","https://www.detroitmi.gov/sites/detroitmi.localhost/files/migrated_docs/fiscal-analysis-reports/2010/Prelim%20Review%20of%202010-11%20Mayors%20Rec%20Budgetcc.pdf"
"Fiscal Analysis Reports to Council 2010","10-04-07: Prototype General Fund Appro Status","https://www.detroitmi.gov/sites/detroitmi.localhost/files/migrated_docs/fiscal-analysis-reports/2010/Prototype%20Gen%20Fund%20Appro%20Status%204-7-10.pdf"
"Fiscal Analysis Reports to Council 2010","10-03-31: Status of Appropriations with Deficits on 12-31-09","https://www.detroitmi.gov/sites/detroitmi.localhost/files/migrated_docs/fiscal-analysis-reports/2010/Update%20to%203-31-10%20Status%20of%20Appropriations.pdf"
"Fiscal Analysis Reports to Council 2010","10-03-24: Strategic Staffing Solutions' Tax Abatemen","https://www.detroitmi.gov/sites/detroitmi.localhost/files/migrated_docs/fiscal-analysis-reports/2010/Strategic%20Staffing%20Solutions%20Tax%20Abatement.pdf"
"Fiscal Analysis Reports to Council 2010","10-03-24: Personal Property Tax Exemption Quicken Loans","https://www.detroitmi.gov/sites/detroitmi.localhost/files/migrated_docs/fiscal-analysis-reports/2010/Compuware%20Personal%20Property%20Tax%20Exempt.pdf"
"Fiscal Analysis Reports to Council 2010","10-03-16: Gaming Tax Revenue through Feb 2010","https://www.detroitmi.gov/sites/detroitmi.localhost/files/migrated_docs/fiscal-analysis-reports/2010/Report%20on%20Gaming%20Tax%20Revenue%20thru%20Feb%202010.pdf"
"Fiscal Analysis Reports to Council 2010","10-03-03: Final Review of PA 198 Tax Abatements","https://www.detroitmi.gov/sites/detroitmi.localhost/files/migrated_docs/fiscal-analysis-reports/2010/Final%20Review%20of%20Abatements.pdf"
"Fiscal Analysis Reports to Council 2010","10-02-26: Municipal Health Care Costs","https://www.detroitmi.gov/sites/detroitmi.localhost/files/migrated_docs/fiscal-analysis-reports/2010/Report%20from%20RAD%20on%20Municipal%20Health%20Care%20Costs.pdf"
"Fiscal Analysis Reports to Council 2010","10-02-26: Gaming Tax Revenue through January 2010","https://www.detroitmi.gov/sites/detroitmi.localhost/files/migrated_docs/fiscal-analysis-reports/2010/Report%20on%20Gaming%20Tax%20Revenue%20through%20Jan%202010.pdf"
"Fiscal Analysis Reports to Council 2010","10-02-25: Clawback Provisions with IFEC Agreements","https://www.detroitmi.gov/sites/detroitmi.localhost/files/migrated_docs/fiscal-analysis-reports/2010/Clawback%20Provisions%202-25-2010.pdf"
"Fiscal Analysis Reports to Council 2010","10-02-24: Detroit Option to Apply as MI Lottery Retailer","https://www.detroitmi.gov/sites/detroitmi.localhost/files/migrated_docs/fiscal-analysis-reports/2010/Detroit%20App%20for%20MI%20Lottery%202-24-2010.pdf"
"Fiscal Analysis Reports to Council 2010","10-02-23: Sale of $250 Million in Fiscal Stabilization Bonds","https://www.detroitmi.gov/sites/detroitmi.localhost/files/migrated_docs/fiscal-analysis-reports/2010/Fiscal%20Stabilization%20Bonds%202-23-10.pdf"
"Fiscal Analysis Reports to Council 2010","10-02-19: Prototype General Fund Appro Status Report","https://www.detroitmi.gov/sites/detroitmi.localhost/files/migrated_docs/fiscal-analysis-reports/2010/Prototype%20Gen%20Fund%20Appro%20Status%20Report%202-19-10.pdf"
"Fiscal Analysis Reports to Council 2010","10-02-17: Sewage and Water System Bonds","https://www.detroitmi.gov/sites/detroitmi.localhost/files/migrated_docs/fiscal-analysis-reports/2010/SWAP%20Agreements%20assoc%20with%20DWSD%20Bonds%202-17-10.pdf"
"Fiscal Analysis Reports to Council 2010","10-02-10: Implementation of Clawback Provisions","https://www.detroitmi.gov/sites/detroitmi.localhost/files/migrated_docs/fiscal-analysis-reports/2010/Clawback%20Provisions%202-10-2010.pdf"
"Fiscal Analysis Reports to Council 2010","10-02-05: Water System Bonds","https://www.detroitmi.gov/sites/detroitmi.localhost/files/migrated_docs/fiscal-analysis-reports/2010/Interest%20Rates%20Exchange%20Agreements%202-8-10.pdf"
"Fiscal Analysis Reports to Council 2010","10-02-05: Implementation of Fringe Benefit Changes","https://www.detroitmi.gov/sites/detroitmi.localhost/files/migrated_docs/fiscal-analysis-reports/2010/Fringe%20Benefit%20Changes%202-8-2010.pdf"
"Fiscal Analysis Reports to Council 2010","10-02-03: Budget Dept Quarterly Financial Report","https://www.detroitmi.gov/sites/detroitmi.localhost/files/migrated_docs/fiscal-analysis-reports/2010/Budget%20Dept%20Quarterly%20Financial%20Report%209-30-09.pdf"
"Fiscal Analysis Reports to Council 2010","10-02-02: Emergency Procurement Contracts","https://www.detroitmi.gov/sites/detroitmi.localhost/files/migrated_docs/fiscal-analysis-reports/2010/Emergency%20Procurement%20Contracts%202-2-10.pdf"
"Fiscal Analysis Reports to Council 2010","10-01-22: Prototype Gen Fund Appro Status Report","https://www.detroitmi.gov/sites/detroitmi.localhost/files/migrated_docs/fiscal-analysis-reports/2010/Prototype%20Gen%20Fund%20Appro%20Status%20Report%202-19-10.pdf"
"Fiscal Analysis Reports to Council 2010","10-01-15: Report on Gaming Tax Revenue thru Dec 2009","https://www.detroitmi.gov/sites/detroitmi.localhost/files/migrated_docs/fiscal-analysis-reports/2010/Report%20on%20Gaming%20Tax%20Revenue%20through%20December%202009.pdf"
"Fiscal Analysis Reports to Council 2010","10-01-15: Potential Revenues to Fund City Services","https://www.detroitmi.gov/sites/detroitmi.localhost/files/migrated_docs/fiscal-analysis-reports/2010/Potential%20Revenue%20to%20Fund%20City%20Services%201-14-2010.pdf"
"Fiscal Analysis Reports to Council 2010","10-01-14: Erma Henderson Park Playscape","https://www.detroitmi.gov/sites/detroitmi.localhost/files/migrated_docs/fiscal-analysis-reports/2010/Reso%20Erma%20Henderson%20Playscape%201-14-10.pdf"
"Fiscal Analysis Reports to Council 2010",""10-01-14: Detroit School Board and Blackboard Connect"," Inc."","https://www.detroitmi.gov/sites/detroitmi.localhost/files/migrated_docs/fiscal-analysis-reports/2010/Coalition%20to%20Restore%20Hope%20to%20DPS%201-14-2010.pdf"
"Fiscal Analysis Reports to Council 2010","10-01-13: Tax Abatement Follow-up Documents","https://www.detroitmi.gov/sites/detroitmi.localhost/files/migrated_docs/fiscal-analysis-reports/2010/PDDs%202008%20PA%20198%20Tax%20Abatement%20Follow-up%20Doc%201-13-10.pdf"
"Fiscal Analysis Reports to Council 2010","10-01-11: Retiree's Plan for $30 Monthly Supplement","https://www.detroitmi.gov/sites/detroitmi.localhost/files/migrated_docs/fiscal-analysis-reports/2010/Retiree%20$30%20Monthly%20Supplement.pdf"
"Fiscal Analysis Reports to Council 2010","10-01-06: Internal Control over Financial Reporting","https://www.detroitmi.gov/sites/detroitmi.localhost/files/migrated_docs/fiscal-analysis-reports/2010/AG%20Report%20on%20Internal%20Control%201-6-2010.pdf"
