URL,Title,Year
"https://detroitmi.gov/sites/detroitmi.localhost/files/migrated_docs/nez_reports/1001_Covington_2005 Authorizing Resolution JCC 3037-3039.pdf","1001 Covington 2005 Authorizing Resolution JCC",2005
"https://detroitmi.gov/sites/detroitmi.localhost/files/migrated_docs/nez_reports/1215_Griswold_2015 Clerk Certified Resolution.pdf","1215 Griswold 2015 Clerk Certified Resolution",2015
"https://detroitmi.gov/sites/detroitmi.localhost/files/migrated_docs/nez_reports/200_River_Place_2000 Authorizing Resolution JCC 2768-2769.pdf","200 River Place 2000 Authorizing Resolution JCC",2000
"https://detroitmi.gov/sites/detroitmi.localhost/files/migrated_docs/nez_reports/3100_Woodward_2005 Authorizing Resolution JCC 3484-3486.pdf","3100 Woodward 2005 Authorizing Resolution JCC",2005
"https://detroitmi.gov/sites/detroitmi.localhost/files/migrated_docs/nez_reports/3600_Woodward_Area_2001 Authorizing Resolution JCC 2887-2888.pdf","3600 Woodward Area 2001 Authorizing Resolution JCC",2001
"https://detroitmi.gov/sites/detroitmi.localhost/files/migrated_docs/nez_reports/Algonquin_A_Algonquin_B_2001 Authorizing Resolution JCC 2568-2570.pdf","Algonquin A Algonquin B 2001 Authorizing Resolution JCC",2001
"https://detroitmi.gov/sites/detroitmi.localhost/files/migrated_docs/nez_reports/Amended_West_Corktown_2005 Authorizing Resolution JCC 3040-3042.pdf","Amended West Corktown 2005 Authorizing Resolution JCC",2005
"https://detroitmi.gov/sites/detroitmi.localhost/files/migrated_docs/nez_reports/Art_Center_2005 Authorizing Resolution JCC 2693-2694.pdf","Art Center 2005 Authorizing Resolution JCC",2005
"https://detroitmi.gov/sites/detroitmi.localhost/files/migrated_docs/nez_reports/Bagley_Housing_Association_1998_Establishing_Resolution_JCC_2190-2191.pdf","Bagley Housing Association 1998 Establishing Resolution JCC",1998
"https://detroitmi.gov/sites/detroitmi.localhost/files/migrated_docs/nez_reports/Bellevue_Village_2005 Authorizing Resolution JCC 3490-3492.pdf","Bellevue Village 2005 Authorizing Resolution JCC",2005
"https://detroitmi.gov/sites/detroitmi.localhost/files/migrated_docs/nez_reports/Belle_Harbor_Estates_2004 Authorizing Resolution JCC 1310-1312.pdf","Belle Harbor Estates 2004 Authorizing Resolution JCC",2004
"https://detroitmi.gov/sites/detroitmi.localhost/files/migrated_docs/nez_reports/Book_Building_and_Tower_2007 Authorizing Resolution JCC 2302-2304.pdf","Book Building and Tower 2007 Authorizing Resolution JCC",2007
"https://detroitmi.gov/sites/detroitmi.localhost/files/migrated_docs/nez_reports/Briggs_2004 Authorizing Resolution JCC 602-604.pdf","Briggs 2004 Authorizing Resolution JCC",2004
"https://detroitmi.gov/sites/detroitmi.localhost/files/migrated_docs/nez_reports/Brush_Park_Development_Company_2016 Clerk Certified Resolution.pdf","Brush Park Development Company 2016 Clerk Certified Resolution",2016
"https://detroitmi.gov/sites/detroitmi.localhost/files/migrated_docs/nez_reports/Cadillac_Residences_Ltd_2006 Authorizing Resolution JCC 1006-1007.pdf","Cadillac Residences Ltd 2006 Authorizing Resolution JCC",2006
"https://detroitmi.gov/sites/detroitmi.localhost/files/migrated_docs/nez_reports/Campus_Square_2007 Authorizing Resolution JCC 42-44.pdf","Campus Square 2007 Authorizing Resolution JCC",2007
"https://detroitmi.gov/sites/detroitmi.localhost/files/migrated_docs/nez_reports/Canfield_John_R_2006 Authorizing Resolution JCC 30-31.pdf","Canfield John R 2006 Authorizing Resolution JCC",2006
"https://detroitmi.gov/sites/detroitmi.localhost/files/migrated_docs/nez_reports/Cass_Corner_2006 Authorizing Resolution JCC 1854-1856.pdf","Cass Corner 2006 Authorizing Resolution JCC",2006
"https://detroitmi.gov/sites/detroitmi.localhost/files/migrated_docs/nez_reports/Central_Detroit_Christian_CDC_2010 Authorizing Resolution JCC 97-99.pdf","Central Detroit Christian CDC 2010 Authorizing Resolution JCC",2010
"https://detroitmi.gov/sites/detroitmi.localhost/files/migrated_docs/nez_reports/Chalfonte_Riverfront_Detroit_LLC_2016 Master Plan Interpretation PDD.pdf","Chalfonte Riverfront Detroit LLC 2016 Master Plan Interpretation PDD",2016
"https://detroitmi.gov/sites/detroitmi.localhost/files/migrated_docs/nez_reports/Chalmers_Heights_2001 Authorizing Resolution JCC 520-521.pdf","Chalmers Heights 2001 Authorizing Resolution JCC",2001
"https://detroitmi.gov/sites/detroitmi.localhost/files/migrated_docs/nez_reports/College_Park_2005 Authorizing Resolution JCC 48-52.pdf","College Park 2005 Authorizing Resolution JCC",2005
"https://detroitmi.gov/sites/detroitmi.localhost/files/migrated_docs/nez_reports/Community_First_Paradise_Valley_2011 Authorizing Resolution JCC 190-191.pdf","Community First Paradise Valley 2011 Authorizing Resolution JCC",2011
"https://detroitmi.gov/sites/detroitmi.localhost/files/migrated_docs/nez_reports/Cooley_Houghten_2006 Authorizing Resolution JCC 2036-2038.pdf","Cooley Houghten 2006 Authorizing Resolution JCC",2006
"https://detroitmi.gov/sites/detroitmi.localhost/files/migrated_docs/nez_reports/Core_City_2004 Authorizing Resolution JCC 3750-3753.pdf","Core City 2004 Authorizing Resolution JCC",2004
"https://detroitmi.gov/sites/detroitmi.localhost/files/migrated_docs/nez_reports/Corktown_1994_Authorizing_Resolution_JCC_2230-2232.pdf","Corktown 1994 Authorizing Resolution JCC",1994
"https://detroitmi.gov/sites/detroitmi.localhost/files/migrated_docs/nez_reports/Corktown_North_2008 Authorizing Resolution JCC 3403-3405.pdf","Corktown North 2008 Authorizing Resolution JCC",2008
"https://detroitmi.gov/sites/detroitmi.localhost/files/migrated_docs/nez_reports/Covington_Terrace_2007 Authorizing Resolution JCC 3782-3784.pdf","Covington Terrace 2007 Authorizing Resolution JCC",2007
"https://detroitmi.gov/sites/detroitmi.localhost/files/migrated_docs/nez_reports/Crosswinds_Communities_1996 Authorizing Resolution JCC 1563-1564.pdf","Crosswinds Communities 1996 Authorizing Resolution JCC",1996
"https://detroitmi.gov/sites/detroitmi.localhost/files/migrated_docs/nez_reports/Du_Charme_Place_2005 Authorizing Resolution JCC 2095-2097.pdf","Du Charme Place 2005 Authorizing Resolution JCC",2005
"https://detroitmi.gov/sites/detroitmi.localhost/files/migrated_docs/nez_reports/E&B_Brewery_Lofts_2004 Authorizing Resolution JCC 2607-2608.pdf","E&B Brewery Lofts 2004 Authorizing Resolution JCC",2004
"https://detroitmi.gov/sites/detroitmi.localhost/files/migrated_docs/nez_reports/East_Ferry_2001 Authorizing Resolution JCC 3686-3687.pdf","East Ferry 2001 Authorizing Resolution JCC",2001
"https://detroitmi.gov/sites/detroitmi.localhost/files/migrated_docs/nez_reports/East_Ferry_Expansion 2009 Authorizing Resolution JCC 14-16.pdf","East Ferry Expansion 2009 Authorizing Resolution JCC",2009
"https://detroitmi.gov/sites/detroitmi.localhost/files/migrated_docs/nez_reports/East_Grand_Boulevard_2003 Authorizing Resolution JCC 1199-1201.pdf","East Grand Boulevard 2003 Authorizing Resolution JCC",2003
"https://detroitmi.gov/sites/detroitmi.localhost/files/migrated_docs/nez_reports/East_Lafayette_Village_2007 Authorizing Resolution JCC 1431-1433.pdf","East Lafayette Village 2007 Authorizing Resolution JCC",2007
"https://detroitmi.gov/sites/detroitmi.localhost/files/migrated_docs/nez_reports/East_Riverfront_2007 Authorizing Resolution and Public Hearing JCC 959-962 479-481.pdf","East Riverfront 2007 Authorizing Resolution and Public Hearing JCC",2007
"https://detroitmi.gov/sites/detroitmi.localhost/files/migrated_docs/nez_reports/East_Village_Expansion_2005 Authorizing Resolution JCC 150-152.pdf","East Village Expansion 2005 Authorizing Resolution JCC",2005
"https://detroitmi.gov/sites/detroitmi.localhost/files/migrated_docs/nez_reports/EcoHomes_2016 Legal Description Assessor.pdf","EcoHomes 2016 Legal Description Assessor",2016
"https://detroitmi.gov/sites/detroitmi.localhost/files/migrated_docs/nez_reports/Eddystone_Lofts_2005 Authorizing Resolution JCC 2794-2796.pdf","Eddystone Lofts 2005 Authorizing Resolution JCC",2005
"https://detroitmi.gov/sites/detroitmi.localhost/files/migrated_docs/nez_reports/Elmwood_Park_Parcels_10C-10D_1992 Authorizing Resolution JCC 2275-2278.pdf","Elmwood Park Parcels 10C-10D 1992 Authorizing Resolution JCC",1992
"https://detroitmi.gov/sites/detroitmi.localhost/files/migrated_docs/nez_reports/Elmwood_Park_Parcel_7_1992 Authorizing Resolution JCC 2275-2278.pdf","Elmwood Park Parcel 7 1992 Authorizing Resolution JCC",1992
"https://detroitmi.gov/sites/detroitmi.localhost/files/migrated_docs/nez_reports/Euclid_Street_Townhouse_2008 Authorizing Resolution JCC 346-348.pdf","Euclid Street Townhouse 2008 Authorizing Resolution JCC",2008
"https://detroitmi.gov/sites/detroitmi.localhost/files/migrated_docs/nez_reports/Farrington_Estates_2007 Revised Authorizing Resolution JCC 1299-1301 Original Resolution JCC 1021-1022.pdf","Farrington Estates 2007 Revised Authorizing Resolution JCC",2007
"https://detroitmi.gov/sites/detroitmi.localhost/files/migrated_docs/nez_reports/Farr_Street 2007 Authorizing Resolution JCC 952-954.pdf","Farr Street 2007 Authorizing Resolution JCC",2007
"https://detroitmi.gov/sites/detroitmi.localhost/files/migrated_docs/nez_reports/Far_East_Side_2002 Authorizing Resolution JCC 2812-2815.pdf","Far East Side 2002 Authorizing Resolution JCC",2002
"https://detroitmi.gov/sites/detroitmi.localhost/files/migrated_docs/nez_reports/FD_Lofts_2014 Authorizing Resolution JCC 1329-1332.pdf","FD Lofts 2014 Authorizing Resolution JCC",2014
"https://detroitmi.gov/sites/detroitmi.localhost/files/migrated_docs/nez_reports/Ferlito_Group_2016 Authorizing Resolution JCC 1352-1354.pdf","Ferlito Group 2016 Authorizing Resolution JCC",2016
"https://detroitmi.gov/sites/detroitmi.localhost/files/migrated_docs/nez_reports/Ford_Motor_Company_2018 District Petition.pdf","Ford Motor Company 2018 District Petition",2018
"https://detroitmi.gov/sites/detroitmi.localhost/files/migrated_docs/nez_reports/Fort_Shelby_Hotel_2009 Authorizing Resolution JCC 702-706.pdf","Fort Shelby Hotel 2009 Authorizing Resolution JCC",2009
"https://detroitmi.gov/sites/detroitmi.localhost/files/migrated_docs/nez_reports/Gardenview_Estates_2011 Authorizing Resolution JCC 202-204.pdf","Gardenview Estates 2011 Authorizing Resolution JCC",2011
"https://detroitmi.gov/sites/detroitmi.localhost/files/migrated_docs/nez_reports/Garden_Court_Apartments_2004 Authorizing Resolution JCC 135-1137.pdf","Garden Court Apartments 2004 Authorizing Resolution JCC",2004
"https://detroitmi.gov/sites/detroitmi.localhost/files/migrated_docs/nez_reports/Garfield_Condominium_2005 Authorizing Resolution JCC 3492-3494.pdf","Garfield Condominium 2005 Authorizing Resolution JCC",2005
"https://detroitmi.gov/sites/detroitmi.localhost/files/migrated_docs/nez_reports/Gratiot_McDougall_2004 Authorizing Resolution JCC 555-557.pdf","Gratiot McDougall 2004 Authorizing Resolution JCC",2004
"https://detroitmi.gov/sites/detroitmi.localhost/files/migrated_docs/nez_reports/Gratiot_Woods_2004 Authorizing Resolution JCC 604-606.pdf","Gratiot Woods 2004 Authorizing Resolution JCC",2004
"https://detroitmi.gov/sites/detroitmi.localhost/files/migrated_docs/nez_reports/Green_Acres_2005 Authorizing Resolution JCC 1504-1506.pdf","Green Acres 2005 Authorizing Resolution JCC",2005
"https://detroitmi.gov/sites/detroitmi.localhost/files/migrated_docs/nez_reports/Grinnell_Place_Lofts 2000 Authorizing Resolution 2827-2828.pdf","Grinnell Place Lofts 2000 Authorizing Resolution",2000
"https://detroitmi.gov/sites/detroitmi.localhost/files/migrated_docs/nez_reports/Harbortown_1992 Authorizing Resolution JCC 2275-2278.pdf","Harbortown 1992 Authorizing Resolution JCC",1992
"https://detroitmi.gov/sites/detroitmi.localhost/files/migrated_docs/nez_reports/Hubbard_Farms_2002 Authorizing Resolution JCC 3260-3263.pdf","Hubbard Farms 2002 Authorizing Resolution JCC",2002
"https://detroitmi.gov/sites/detroitmi.localhost/files/migrated_docs/nez_reports/Hubbard_Farms_Expansion_2008 Authorizing Resolution JCC 284-287.pdf","Hubbard Farms Expansion 2008 Authorizing Resolution JCC",2008
"https://detroitmi.gov/sites/detroitmi.localhost/files/migrated_docs/nez_reports/Hubbard_Richard_1992 Authorizing Resolution JCC 2275-2278.pdf","Hubbard Richard 1992 Authorizing Resolution JCC",1992
"https://detroitmi.gov/sites/detroitmi.localhost/files/migrated_docs/nez_reports/Hudsons Site_Rosko_Development_Company_2017 Clerk Certified Resolution.pdf","Hudsons Site Rosko Development Company 2017 Clerk Certified Resolution",2017
"https://detroitmi.gov/sites/detroitmi.localhost/files/migrated_docs/nez_reports/Innovative_Acquisitions_2017 Clerk Certified Resolution.pdf","Innovative Acquisitions 2017 Clerk Certified Resolution",2017
"https://detroitmi.gov/sites/detroitmi.localhost/files/migrated_docs/nez_reports/Islandview_II_2012 Authorizing Resolution and Public Hearing JCC 1594 1141-1142.pdf","Islandview II 2012 Authorizing Resolution and Public Hearing JCC",2012
"https://detroitmi.gov/sites/detroitmi.localhost/files/migrated_docs/nez_reports/Jefferson-Chalmers_East_1992 Authorizing Resolution JCC 2275-2278.pdf","Jefferson-Chalmers East 1992 Authorizing Resolution JCC",1992
"https://detroitmi.gov/sites/detroitmi.localhost/files/migrated_docs/nez_reports/Jefferson_North_Park_2003 Authorizing Resolution JCC 1094.pdf","Jefferson North Park 2003 Authorizing Resolution JCC",2003
"https://detroitmi.gov/sites/detroitmi.localhost/files/migrated_docs/nez_reports/Jefferson_Woodbridge_Franklin_2004 Authorizing Resolution JCC 1375-1376.pdf","Jefferson Woodbridge Franklin 2004 Authorizing Resolution JCC",2004
"https://detroitmi.gov/sites/detroitmi.localhost/files/migrated_docs/nez_reports/Kaline_Squared_2015 Clerk Certified Resolution.pdf","Kaline Squared 2015 Clerk Certified Resolution",2015
"https://detroitmi.gov/sites/detroitmi.localhost/files/migrated_docs/nez_reports/Kercheval_McClellan_2007 Authorizing Resolution JCC 949-952.pdf","Kercheval McClellan 2007 Authorizing Resolution JCC",2007
"https://detroitmi.gov/sites/detroitmi.localhost/files/migrated_docs/nez_reports/Leland_Estates_2011 Authorizing Resolution JCC 200-202.pdf","Leland Estates 2011 Authorizing Resolution JCC",2011
"https://detroitmi.gov/sites/detroitmi.localhost/files/migrated_docs/nez_reports/Leland_Lofts_2003 Authorizing Resolution JCC 875-877.pdf","Leland Lofts 2003 Authorizing Resolution JCC",2003
"https://detroitmi.gov/sites/detroitmi.localhost/files/migrated_docs/nez_reports/Lofts_of_Merchants_Row_2010 Authorizing Resolution JCC 2893-2894.pdf","Lofts of Merchants Row 2010 Authorizing Resolution JCC",2010
"https://detroitmi.gov/sites/detroitmi.localhost/files/migrated_docs/nez_reports/Lower_Woodward_2007 Authorizing Resolution JCC 1156-1158.pdf","Lower Woodward 2007 Authorizing Resolution JCC",2007
"https://detroitmi.gov/sites/detroitmi.localhost/files/migrated_docs/nez_reports/Low_Far_East_Side_2003 Authorizing Resolution JCC 2304-2306.pdf","Low Far East Side 2003 Authorizing Resolution JCC",2003
"https://detroitmi.gov/sites/detroitmi.localhost/files/migrated_docs/nez_reports/Marwood Development_2018_District_Petition_Packet.pdf","Marwood Development 2018 District Petition",2018
"https://detroitmi.gov/sites/detroitmi.localhost/files/migrated_docs/nez_reports/Merrill_Place_2006 Authorizing Resolution and Public Hearing JCC 2643-2645  2233-2235.pdf","Merrill Place 2006 Authorizing Resolution and Public Hearing JCC",2006
"https://detroitmi.gov/sites/detroitmi.localhost/files/migrated_docs/nez_reports/Midtown_Development_Group_1999_Public Hearing JCC 27-28.pdf","Midtown Development Group 1999 Public Hearing JCC",1999
"https://detroitmi.gov/sites/detroitmi.localhost/files/migrated_docs/nez_reports/Monroe_Blocks_Rosko_Development_Company_2017 Clerk Certified Resolution.pdf","Monroe Blocks Rosko Development Company 2017 Clerk Certified Resolution",2017
"https://detroitmi.gov/sites/detroitmi.localhost/files/migrated_docs/nez_reports/Morgan_Waterfront_Estates_2005 Authorizing Resolution and Public Hearing JCC 2100-2102 1674-1677.pdf","Morgan Waterfront Estates 2005 Authorizing Resolution and Public Hearing JCC",2005
"https://detroitmi.gov/sites/detroitmi.localhost/files/migrated_docs/nez_reports/Morningside_Community_2008 Authorizing Resolution JCC 591-595.pdf","Morningside Community 2008 Authorizing Resolution JCC",2008
"https://detroitmi.gov/sites/detroitmi.localhost/files/migrated_docs/nez_reports/Newberry_Hall_2006 Authorizing Resolution JCC 856-858.pdf","Newberry Hall 2006 Authorizing Resolution JCC",2006
"https://detroitmi.gov/sites/detroitmi.localhost/files/migrated_docs/nez_reports/New_Amsterdam_2003 Authorizing Resolution JCC 1097-1098.pdf","New Amsterdam 2003 Authorizing Resolution JCC",2003
"https://detroitmi.gov/sites/detroitmi.localhost/files/migrated_docs/nez_reports/NEZ_NR_Resolutions.zip","NEZ NR Resolution",None
"https://detroitmi.gov/sites/detroitmi.localhost/files/migrated_docs/nez_reports/North_Corktown_2003 Authorizing Resolution JCC 1095.pdf","North Corktown 2003 Authorizing Resolution JCC",2003
"https://detroitmi.gov/sites/detroitmi.localhost/files/migrated_docs/nez_reports/North_Woodbridge_2004 Authorizing Resolution JCC 687-689.pdf","North Woodbridge 2004 Authorizing Resolution JCC",2004
"https://detroitmi.gov/sites/detroitmi.localhost/files/migrated_docs/nez_reports/Oakland_Caniff_2003 Authorizing Resolution JCC 1095-1097.pdf","Oakland Caniff 2003 Authorizing Resolution JCC",2003
"https://detroitmi.gov/sites/detroitmi.localhost/files/migrated_docs/nez_reports/Oakland_Clay_2003 Authorizing Resolution JCC 1098-1099.pdf","Oakland Clay 2003 Authorizing Resolution JCC",2003
"https://detroitmi.gov/sites/detroitmi.localhost/files/migrated_docs/nez_reports/Orton_Development_2004 Authorizing Resolution JCC 3750-3752.pdf","Orton Development 2004 Authorizing Resolution JCC",2004
"https://detroitmi.gov/sites/detroitmi.localhost/files/migrated_docs/nez_reports/Paperclip_Properties_2017 Clerk Certified Resolution.pdf","Paperclip Properties 2017 Clerk Certified Resolution",2017
"https://detroitmi.gov/sites/detroitmi.localhost/files/migrated_docs/nez_reports/Paperclip_Properties_2017 Proposal PDD.pdf","Paperclip Properties 2017 Proposal PDD",2017
"https://detroitmi.gov/sites/detroitmi.localhost/files/migrated_docs/nez_reports/Parkside_Puritan_Princeton_Midland_2004 Authorizing Resolution amd Public Hearing JCC 3270-3271 551-552.pdf","Parkside Puritan Princeton Midland 2004 Authorizing Resolution amd Public Hearing JCC",2004
"https://detroitmi.gov/sites/detroitmi.localhost/files/migrated_docs/nez_reports/Park_Shelton_2005 Authorizing Resolution JCC 776-778.pdf","Park Shelton 2005 Authorizing Resolution JCC",2005
"https://detroitmi.gov/sites/detroitmi.localhost/files/migrated_docs/nez_reports/Peterboro-Charlotte_2001 Authorizing Resolution JCC 3360-3362.pdf","Peterboro-Charlotte 2001 Authorizing Resolution JCC",2001
"https://detroitmi.gov/sites/detroitmi.localhost/files/migrated_docs/nez_reports/Petoskey_Park_2004 Authorizing Resolution JCC 3743-3746.pdf","Petoskey Park 2004 Authorizing Resolution JCC",2004
"https://detroitmi.gov/sites/detroitmi.localhost/files/migrated_docs/nez_reports/Piety_Hill_2001 Authorizing Resolution JCC 126-127.pdf","Piety Hill 2001 Authorizing Resolution JCC",2001
"https://detroitmi.gov/sites/detroitmi.localhost/files/migrated_docs/nez_reports/PIFU_1992 Authorizing Resolution JCC 2275-2278.pdf","PIFU 1992 Authorizing Resolution JCC",1992
"https://detroitmi.gov/sites/detroitmi.localhost/files/migrated_docs/nez_reports/Pittman_Homes_2004 Authorizing Resolution JCC 2808-2810.pdf","Pittman Homes 2004 Authorizing Resolution JCC",2004
"https://detroitmi.gov/sites/detroitmi.localhost/files/migrated_docs/nez_reports/Power_of_Green_Housing_2013 Authorizing Resolution and Public Hearing 1337-1338 874.pdf","Power of Green Housing 2013 Authorizing Resolution and Public Hearing",2013
"https://detroitmi.gov/sites/detroitmi.localhost/files/migrated_docs/nez_reports/Prevost_Gardens_2001 Authorizing Resolution JCC 886-887.pdf","Prevost Gardens 2001 Authorizing Resolution JCC",2001
"https://detroitmi.gov/sites/detroitmi.localhost/files/migrated_docs/nez_reports/Puritan_Lodge_Parkside_Petoskey_2004 Authorizing Resolution JCC 973-974.pdf","Puritan Lodge Parkside Petoskey 2004 Authorizing Resolution JCC",2004
"https://detroitmi.gov/sites/detroitmi.localhost/files/migrated_docs/nez_reports/Pyramind_Development_2017 Clerk Certified Resolution.pdf","Pyramind Development 2017 Clerk Certified Resolution",2017
"https://detroitmi.gov/sites/detroitmi.localhost/files/migrated_docs/nez_reports/Research_Lofts_2005 Authorizing Resolution JCC 1081-1082.pdf","Research Lofts 2005 Authorizing Resolution JCC",2005
"https://detroitmi.gov/sites/detroitmi.localhost/files/migrated_docs/nez_reports/Riverfront_Towers_2003 Authorizing Resolution JCC 3640-3644.pdf","Riverfront Towers 2003 Authorizing Resolution JCC",2003
"https://detroitmi.gov/sites/detroitmi.localhost/files/migrated_docs/nez_reports/River_Rouge_Golf_View_2007 Authorizing Resolution JCC 40-42.pdf","River Rouge Golf View 2007 Authorizing Resolution JCC",2007
"https://detroitmi.gov/sites/detroitmi.localhost/files/migrated_docs/nez_reports/Rosko_Development_Company_Hudsons_Site_2017 Clerk Certified Resolution.pdf","Rosko Development Company Hudsons Site 2017 Clerk Certified Resolution",2017
"https://detroitmi.gov/sites/detroitmi.localhost/files/migrated_docs/nez_reports/Rosko_Development_Company_Monroe_Blocks_2017 Clerk Certified Resolution.pdf","Rosko Development Company Monroe Blocks 2017 Clerk Certified Resolution",2017
"https://detroitmi.gov/sites/detroitmi.localhost/files/migrated_docs/nez_reports/Rutland_Outer_Drive_2006 Authorizing Resolution JCC 2910-2913.pdf","Rutland Outer Drive 2006 Authorizing Resolution JCC",2006
"https://detroitmi.gov/sites/detroitmi.localhost/files/migrated_docs/nez_reports/Sacred_Heart_St_Elizabeth_2005 Authorizing Resolution and Public Hearing JCC 2159-2161 1956-1959.pdf","Sacred Heart St Elizabeth 2005 Authorizing Resolution and Public Hearing JCC",2005
"https://detroitmi.gov/sites/detroitmi.localhost/files/migrated_docs/nez_reports/Silvercup_Redevelopment_2004 Authorizing Resolution JCC 3746-3747.pdf","Silvercup Redevelopment 2004 Authorizing Resolution JCC",2004
"https://detroitmi.gov/sites/detroitmi.localhost/files/migrated_docs/nez_reports/Six_Oaks_2004 Authorizing Resolution JCC 2190-2192.pdf","Six Oaks 2004 Authorizing Resolution JCC",2004
"https://detroitmi.gov/sites/detroitmi.localhost/files/migrated_docs/nez_reports/South_University_Village_2005 Authorizing Resolution JCC 3035-3037.pdf","South University Village 2005 Authorizing Resolution JCC",2005
"https://detroitmi.gov/sites/detroitmi.localhost/files/migrated_docs/nez_reports/Stapler_Industries_2016 Proposed Resolution City Clerk.pdf","Stapler Industries 2016 Proposed Resolution",2016
"https://detroitmi.gov/sites/detroitmi.localhost/files/migrated_docs/nez_reports/Stearns_Building_2003 Authorizing Resolution JCC 2068-2070.pdf","Stearns Building 2003 Authorizing Resolution JCC",2003
"https://detroitmi.gov/sites/detroitmi.localhost/files/migrated_docs/nez_reports/St_Clair_2003 Authorizing Resolution JCC 1780-1781.pdf","St Clair 2003 Authorizing Resolution JCC",2003
"https://detroitmi.gov/sites/detroitmi.localhost/files/migrated_docs/nez_reports/St_Regis_Condimium_2006 Authorizing Resolution JCC 1251-1253.pdf","St Regis Condimium 2006 Authorizing Resolution JCC",2006
"https://detroitmi.gov/sites/detroitmi.localhost/files/migrated_docs/nez_reports/Tigers Stadium Partners 2_2018_LLC NEZ District Petition.pdf","Tigers Stadium Partners 2 2018 LLC NEZ District Petition",2018
"https://detroitmi.gov/sites/detroitmi.localhost/files/migrated_docs/nez_reports/Town_Residences_2015 NEZ Request City Clerk.pdf","Town Residences 2015 NEZ Request City Clerk",2015
"https://detroitmi.gov/sites/detroitmi.localhost/files/migrated_docs/nez_reports/Triad_Development_Company_2005 Authorizing Resolution and Public Hearing 2695-2696 1863-1865.pdf","Triad Development Company 2005 Authorizing Resolution and Public Hearing",2005
"https://detroitmi.gov/sites/detroitmi.localhost/files/migrated_docs/nez_reports/Triangle_Housing_Development_2008 Authorizing Resolution JCC 2443-2445.pdf","Triangle Housing Development 2008 Authorizing Resolution JCC",2008
"https://detroitmi.gov/sites/detroitmi.localhost/files/migrated_docs/nez_reports/Trident_Checker_2016 Clerk Certified Resolution.pdf","Trident Checker 2016 Clerk Certified Resolution",2016
"https://detroitmi.gov/sites/detroitmi.localhost/files/migrated_docs/nez_reports/Uptown_Row_Expansion_2003 Authorizing Resolution JCC 1170-1171.pdf","Uptown Row Expansion 2003 Authorizing Resolution JCC",2003
"https://detroitmi.gov/sites/detroitmi.localhost/files/migrated_docs/nez_reports/VG_Statler_2016 Assessor Verification.pdf","VG Statler 2016 Assessor",2016
"https://detroitmi.gov/sites/detroitmi.localhost/files/migrated_docs/nez_reports/Victoria_Park_1992 Authorizing Resolution JCC 2275-2278.pdf","Victoria Park 1992 Authorizing Resolution JCC",1992
"https://detroitmi.gov/sites/detroitmi.localhost/files/migrated_docs/nez_reports/Village_Estates 2006 Authorizing Resolution and Public Hearing JCC 2615-2616 1940-1942.pdf","Village Estates 2006 Authorizing Resolution and Public Hearing JCC",2006
"https://detroitmi.gov/sites/detroitmi.localhost/files/migrated_docs/nez_reports/Vinton_Building_2005 Authorizing Resolution JCC 1673-1674.pdf","Vinton Building 2005 Authorizing Resolution JCC",2005
"https://detroitmi.gov/sites/detroitmi.localhost/files/migrated_docs/nez_reports/Virginia_Park_1992 Authorizing Resolution JCC 2275-2278.pdf","Virginia Park 1992 Authorizing Resolution JCC",1992
"https://detroitmi.gov/sites/detroitmi.localhost/files/migrated_docs/nez_reports/West_Pointe_Homes_2004 Authorizing Resolution JCC 549-551.pdf","West Pointe Homes 2004 Authorizing Resolution JCC",2004
"https://detroitmi.gov/sites/detroitmi.localhost/files/migrated_docs/nez_reports/West_Town_I_2004 Authorizing Resolution and Public Hearing JCC 1567-1568 37-39.pdf","West Town I 2004 Authorizing Resolution and Public Hearing JCC",2004
"https://detroitmi.gov/sites/detroitmi.localhost/files/migrated_docs/nez_reports/West_Village_2000 Authorizing Resolution JCC 2826-2827.pdf","West Village 2000 Authorizing Resolution JCC",2000
"https://detroitmi.gov/sites/detroitmi.localhost/files/migrated_docs/nez_reports/Woodbridge_Estates_2001 Authorizing Resolution JCC 2625-2626.pdf","Woodbridge Estates 2001 Authorizing Resolution JCC",2001
"https://detroitmi.gov/sites/detroitmi.localhost/files/migrated_docs/nez_reports/Woodmont_Estates_2001 Authorizing Resolution JCC 253-254.pdf","Woodmont Estates 2001 Authorizing Resolution JCC",2001
"https://detroitmi.gov/sites/detroitmi.localhost/files/migrated_docs/nez_reports/Woodward-Seward_2000 Authorizing Resolution JCC 91-92.pdf","Woodward-Seward 2000 Authorizing Resolution JCC",2000
"https://detroitmi.gov/sites/detroitmi.localhost/files/migrated_docs/nez_reports/Woodward_Brush_Hendrie_Ferry_2001 Authorizing Resolution JCC 2173-2174.pdf","Woodward Brush Hendrie Ferry 2001 Authorizing Resolution JCC",2001
"https://detroitmi.gov/sites/detroitmi.localhost/files/migrated_docs/nez_reports/Woodward_Michigan_2004 Authorizing Resolution JCC 2900-2902.pdf","Woodward Michigan 2004 Authorizing Resolution JCC",2004
"https://detroitmi.gov/sites/detroitmi.localhost/files/migrated_docs/nez_reports/WOTHA_2006_Public Hearing JCC 192-194.pdf","WOTHA 2006 Public Hearing JCC",2006
"https://detroitmi.gov/sites/detroitmi.localhost/files/migrated_docs/nez_reports/Yesre_Realty_2016 Clerk Certified Amended Resolution.pdf","Yesre Realty 2016 Clerk Certified Amended Resolution",2016
